categorie;denumire;producator_model;um;pret_cu_tva_lei;pret_fara_tva_lei;bucati_pe_mp_sau_conversie;pret_pe_mp_fara_tva;magazin;url;data_consultarii
Tigla ceramica;Tigla ceramica 1/1 Creaton Balance, rosu cupru angoba, 32 x 50 cm;Creaton Balance 32x50 rosu cupru angoba;buc;8.72;7.21;8.4-9 buc/mp (Creaton: min 8.4 / mediu 8.7 / max 9, Dedeman: 8.4), calcul la 8.7 buc/mp => 62.70 lei/mp fara TVA;62.70;Dedeman (dedeman.ro, magazin Bucuresti Valea Cascadelor);https://www.dedeman.ro/ro/tigla-ceramica-1/1-creaton-balance-rosu-cupru-angoba-32-x-50-cm/p/6017706;2026-10-02
Tigla ceramica;Tigla ceramica 1/1 Creaton Balance, rosu natural, 32 x 50 cm;Creaton Balance 32x50 rosu natur;buc;8.18;6.76;8.4-9 buc/mp (Creaton: min 8.4 / mediu 8.7 / max 9, Dedeman: 8.4), calcul la 8.7 buc/mp => 58.81 lei/mp fara TVA;58.81;Dedeman (dedeman.ro, magazin Bucuresti Valea Cascadelor);https://www.dedeman.ro/ro/tigla-ceramica-1/1-creaton-balance-rosu-natural-32-x-50-cm/p/6023465;2026-10-02
Tigla ceramica;Tigla ceramica 1/1 Creaton Balance, maro inchis angoba, 32 x 50 cm;Creaton Balance 32x50 maro inchis angoba;buc;9.00;7.44;8.4-9 buc/mp (Creaton: min 8.4 / mediu 8.7 / max 9, Dedeman: 8.4), calcul la 8.7 buc/mp => 64.71 lei/mp fara TVA;64.71;Dedeman (dedeman.ro, magazin Bucuresti Valea Cascadelor);https://www.dedeman.ro/ro/tigla-ceramica-1/1-creaton-balance-maro-inchis-angoba-32-x-50-cm/p/6017785;2026-10-02
Tigla ceramica;Tigla ceramica 1/1 Creaton Balance, ardezie angoba, 32 x 50 cm;Creaton Balance 32x50 ardezie angoba;buc;9.75;8.06;8.4-9 buc/mp (Creaton: min 8.4 / mediu 8.7 / max 9, Dedeman: 8.4), calcul la 8.7 buc/mp => 70.10 lei/mp fara TVA;70.10;Dedeman (dedeman.ro, magazin Bucuresti Valea Cascadelor);https://www.dedeman.ro/ro/tigla-ceramica-1/1-creaton-balance-ardezie-angoba-32-x-50-cm/p/6018262;2026-10-02
Tigla ceramica;Tigla ceramica 1/1 Creaton Rapido, rosu angoba, 32.5 x 50 cm;Creaton Rapido 32.5x50 rosu angoba;buc;9.00;7.44;8.1 buc/mp (Dedeman) => 60.25 lei/mp fara TVA;60.25;Dedeman (dedeman.ro, magazin Bucuresti Valea Cascadelor);https://www.dedeman.ro/ro/tigla-ceramica-1/1-creaton-rapido-rosu-angoba-32-5-x-50-cm/p/6016866;2026-10-02
Tigla ceramica;Tigla ceramica 1/1 Creaton Rapido, rosu vin angoba, 32.5 x 50 cm;Creaton Rapido 32.5x50 rosu vin angoba;buc;9.15;7.56;8.1 buc/mp (Dedeman) => 61.25 lei/mp fara TVA;61.25;Dedeman (dedeman.ro, magazin Bucuresti Valea Cascadelor);https://www.dedeman.ro/ro/tigla-ceramica-1/1-creaton-rapido-rosu-vin-angoba-32-5-x-50-cm/p/6029865;2026-10-02
Tigla ceramica;Tigla ceramica Tondach Renoton 9 (Tango Plus), teracota, 30 x 50 cm;Tondach Renoton 9 (Tango Plus) 30x50 teracota;buc;7.70;6.36;9.23 buc/mp (Dedeman) => 58.74 lei/mp fara TVA;58.74;Dedeman (dedeman.ro, magazin Bucuresti Valea Cascadelor);https://www.dedeman.ro/ro/tigla-ceramica-tondach-renoton-9-tango-plus-teracota-30-x-50-cm/p/6017087;2026-10-02
Tigla ceramica;Tigla ceramica Tondach Twiston 9 (Twist), teracota, 30 x 50 cm;Tondach Twiston 9 30x50 teracota;buc;7.70;6.36;9.23 buc/mp (Dedeman) => 58.74 lei/mp fara TVA;58.74;Dedeman (dedeman.ro, magazin Bucuresti Valea Cascadelor);https://www.dedeman.ro/ro/tigla-ceramica-tondach-twiston-9-twist-teracota-30-x-50-cm/p/6017319;2026-10-02
Tigla ceramica;Tigla Creaton Balance rosu cupru angoba 1/1;Creaton Balance;buc;12.50;10.33;8.4-9 buc/mp (Creaton: min 8.4 / mediu 8.7 / max 9, Dedeman: 8.4), calcul la 8.7 buc/mp => 89.88 lei/mp fara TVA;89.88;Revival (revival.ro);https://www.revival.ro/tigla-creaton;2026-10-02
Tigla ceramica;Tigla Creaton Balance rosu natur 1/1;Creaton Balance;buc;12.10;10.00;8.4-9 buc/mp (Creaton: min 8.4 / mediu 8.7 / max 9, Dedeman: 8.4), calcul la 8.7 buc/mp => 87.00 lei/mp fara TVA;87.00;Revival (revival.ro);https://www.revival.ro/tigla-creaton;2026-10-02
Tigla ceramica;Tigla Creaton Rapido rosu cupru angoba 1/1;Creaton Rapido;buc;13.20;10.91;8.1 buc/mp => 88.36 lei/mp fara TVA;88.36;Revival (revival.ro);https://www.revival.ro/tigla-creaton;2026-10-02
Tigla ceramica;Tigla Creaton Melodie rosu angobat;Creaton Melodie;buc;negasit;negasit;model negasit in magazinele online RO consultate, echivalent: Balance/Rapido;;-;-;2026-10-02
Tigla ceramica;Tigla ceramica Bramac (ceramica) rosu angobat;Bramac;buc;negasit;negasit;Dedeman listeaza doar tigla Bramac din beton, ceramica Bramac negasita;;-;-;2026-10-02
Accesorii tigla ceramica;Tigla coama ceramica, PF, Creaton, rosu angoba, 45 x 12 x 27.5 cm;Creaton coama PF Balance/Rapido rosu angoba 45x12x27.5;buc;49.44;40.86;2.5 buc/ml (Dedeman) => 102.15 lei/ml fara TVA;102.15;Dedeman (dedeman.ro, magazin Bucuresti Valea Cascadelor);https://www.dedeman.ro/ro/tigla-coama-ceramica-pf-creaton-rosu-angoba-45-x-12-x-27-5-cm/p/6016864;2026-10-02
Accesorii tigla ceramica;Tigla coama ceramica, PR Balance/Rapido, Creaton, cupru, 45 x 12 x 27.5 cm;Creaton coama PR cupru;buc;49.51;40.92;2.5 buc/ml => 102.29 lei/ml fara TVA;102.29;Dedeman (dedeman.ro, magazin Bucuresti Valea Cascadelor);https://www.dedeman.ro/ro/tigla-coama-ceramica-pr-balance/rapido-creaton-cupru-45-x-12-x-27-5-cm/p/6017709;2026-10-02
Accesorii tigla ceramica;Tigla coama trasa XXL ceramica, Tondach, teracota;Tondach coama trasa XXL teracota;buc;47.52;39.27;buc/ml negasit pe pagina;;Dedeman (dedeman.ro, magazin Bucuresti Valea Cascadelor);https://www.dedeman.ro/ro/tigla-coama-trasa-xxl-ceramica-tondach-teracota/p/6027451;2026-10-02
Accesorii tigla ceramica;Tigla coama presata ceramica, Tondach, maro, 37 x 20 cm;Tondach coama presata 37x20 maro;buc;45.57;37.66;buc/ml negasit pe pagina;;Dedeman (dedeman.ro, magazin Bucuresti Valea Cascadelor);https://www.dedeman.ro/ro/tigla-coama-presata-ceramica-tondach-maro-37-x-20-cm/p/6015716;2026-10-02
Accesorii tigla ceramica;Tigla coama de inceput ceramica, PF, Creaton, natur;Creaton coama de inceput PF (capat coama);buc;49.27;40.72;1 buc/capat de coama;;Dedeman (dedeman.ro, magazin Bucuresti Valea Cascadelor);https://www.dedeman.ro/ro/tigla-coama-de-inceput-ceramica-pf-creaton-natur/p/6024018;2026-10-02
Accesorii tigla ceramica;Element ceramica pentru fixare inceput / final, PF, Creaton, natur;Creaton element inceput/final coama PF (capat coama);buc;49.84;41.19;1 buc/capat;;Dedeman (dedeman.ro, magazin Bucuresti Valea Cascadelor);https://www.dedeman.ro/ro/element-ceramica-pentru-fixare-inceput/-final-pf-creaton-natur/p/6032782;2026-10-02
Accesorii tigla ceramica;Tigla coama ceramica pentru ramificatie, 3 axe, PF/PR, Creaton, maro;Creaton ramificatie coama 3 axe;buc;536.00;442.98;1 buc/nod;;Dedeman (dedeman.ro, magazin Bucuresti Valea Cascadelor);https://www.dedeman.ro/ro/tigla-coama-ceramica-pentru-ramificatie-3-axe-pf/pr-creaton-maro/p/6019264;2026-10-02
Accesorii tigla ceramica;Clema aluminiu pentru fixare tigla coama, Creaton, rosu;Creaton clema coama;buc;1.48;1.22;1 buc/tigla coama (2.5 buc/ml) => 3.06 lei/ml fara TVA;3.06;Dedeman (dedeman.ro, magazin Bucuresti Valea Cascadelor);https://www.dedeman.ro/ro/clema-aluminiu-pentru-fixare-tigla-coama-creaton-rosu/p/6016865;2026-10-02
Accesorii tigla ceramica;Banda de aerisire Bramac UniRoll, rosu caramiziu, 5 m x 320 mm;Bramac UniRoll 320 mm x 5 m (banda coama ventilata);rola 5 ml;157.00;129.75;5 ml/rola => 25.95 lei/ml fara TVA;25.95;Dedeman (dedeman.ro, magazin Bucuresti Valea Cascadelor);https://www.dedeman.ro/ro/banda-de-aerisire-bramac-uniroll-rosu-caramiziu-5-m-x-320-mm/p/6020370;2026-10-02
Accesorii tigla ceramica;Banda de aerisire Bramac Figaroll Plus, rosu caramiziu, 5 metri;Bramac Figaroll Plus 5 m (banda coama ventilata);rola 5 ml;265.00;219.01;5 ml/rola => 43.80 lei/ml fara TVA;43.80;Dedeman (dedeman.ro, magazin Bucuresti Valea Cascadelor);https://www.dedeman.ro/ro/banda-de-aerisire-bramac-figaroll-plus-rosu-caramiziu-5-metri/p/6034526;2026-10-02
Accesorii tigla ceramica;Banda ventilare coama Geo Vent 30 cm (rola) pentru tigla ceramica/beton;Geo Vent;rola;39.90;32.98;lungime rola nespecificata in lista (probabil 5 m);;Dogav Grup (dogavgrup.ro);https://www.dogavgrup.ro/produs/parazapada-grilaj-3-ml-zincat-tigla-ceramica/;2026-10-02
Accesorii tigla ceramica;Tigla aerisire ceramica, Balance, Creaton, rosu angoba, 50.2 x 32.3 cm;Creaton Balance tigla ventilatie rosu angoba;buc;66.82;55.22;uzual 1 buc/~8-10 mp (recomandare producator, de verificat);;Dedeman (dedeman.ro, magazin Bucuresti Valea Cascadelor);https://www.dedeman.ro/ro/tigla-aerisire-ceramica-balance-creaton-rosu-angoba-50-2-x-32-3-cm/p/6017830;2026-10-02
Accesorii tigla ceramica;Tigla aerisire ceramica, Balance, Creaton, cupru, 50.2 x 32.3 cm;Creaton Balance tigla ventilatie cupru;buc;47.11;38.93;;;Dedeman (dedeman.ro, magazin Bucuresti Valea Cascadelor);https://www.dedeman.ro/ro/tigla-aerisire-ceramica-balance-creaton-cupru-50-2-x-32-3-cm/p/6017723;2026-10-02
Accesorii tigla ceramica;Tigla aerisire ceramica, Renoton 9 (Tango Plus), Tondach, teracota, 30 x 50 cm;Tondach Renoton 9 tigla ventilatie teracota;buc;37.33;30.85;;;Dedeman (dedeman.ro, magazin Bucuresti Valea Cascadelor);https://www.dedeman.ro/ro/tigla-aerisire-ceramica-renoton-9-tango-plus-tondach-teracota-30-x-50-cm/p/6017395;2026-10-02
Accesorii tigla ceramica;Tigla laterala stanga ceramica, Balance, Creaton, rosu angoba, 50.2 x 38.2 cm;Creaton Balance tigla laterala stanga rosu angoba;buc;59.19;48.92;;;Dedeman (dedeman.ro, magazin Bucuresti Valea Cascadelor);https://www.dedeman.ro/ro/tigla-laterala-stanga-ceramica-balance-creaton-rosu-angoba-50-2-x-38-2-cm/p/6016863;2026-10-02
Accesorii tigla ceramica;Tigla laterala dreapta ceramica, Balance, Creaton, cupru, 50.2 x 26 cm;Creaton Balance tigla laterala dreapta cupru;buc;42.64;35.24;;;Dedeman (dedeman.ro, magazin Bucuresti Valea Cascadelor);https://www.dedeman.ro/ro/tigla-laterala-dreapta-ceramica-balance-creaton-cupru-50-2-x-26-cm/p/6017707;2026-10-02
Tigla solzi / olane;Tigla ceramica 1/1 Creaton Klassic Biber, rosu natural, 18 x 38 cm;Creaton Klassic Biber 18x38 rosu natur;buc;3.76;3.11;33.6 buc/mp (Dedeman) => 104.41 lei/mp fara TVA;104.41;Dedeman (dedeman.ro, magazin Bucuresti Valea Cascadelor);https://www.dedeman.ro/ro/tigla-ceramica-1/1-creaton-klassic-biber-rosu-natural-18-x-38-cm/p/6032245;2026-10-02
Tigla solzi / olane;Tigla ceramica 1/1 Creaton Klassic Biber, rosu cupru angoba, 18 x 38 cm;Creaton Klassic Biber 18x38 rosu cupru angoba;buc;4.09;3.38;33.6 buc/mp (Dedeman) => 113.57 lei/mp fara TVA;113.57;Dedeman (dedeman.ro, magazin Bucuresti Valea Cascadelor);https://www.dedeman.ro/ro/tigla-ceramica-1/1-creaton-klassic-biber-rosu-cupru-angoba-18-x-38-cm/p/6033283;2026-10-02
Tigla solzi / olane;Tigla ceramica Tondach Clasic Sibiu, natur, 18 x 38 cm;Tondach Clasic Sibiu (solzi) 18x38 natur;buc;4.31;3.56;39.22 buc/mp (Dedeman) => 139.70 lei/mp fara TVA;139.70;Dedeman (dedeman.ro, magazin Bucuresti Valea Cascadelor);https://www.dedeman.ro/ro/tigla-ceramica-tondach-clasic-sibiu-natur-18-x-38-cm/p/6010628;2026-10-02
Tigla solzi / olane;Tigla ceramica 1/1 Creaton Rona, segment, rosu natural, 20.5 x 40 cm;Creaton Rona segment 20.5x40 rosu natur;buc;4.44;3.67;18 buc/mp (Dedeman) => 66.05 lei/mp fara TVA;66.05;Dedeman (dedeman.ro, magazin Bucuresti Valea Cascadelor);https://www.dedeman.ro/ro/tigla-ceramica-1/1-creaton-rona-segment-rosu-natural-20-5-x-40-cm/p/6022506;2026-10-02
Tigla solzi / olane;Tigla ceramica Tondach Cedonia, natur, 19 x 40 cm;Tondach Cedonia 19x40 natur;buc;4.24;3.50;buc/mp negasit pe pagina;;Dedeman (dedeman.ro, magazin Bucuresti Valea Cascadelor);https://www.dedeman.ro/ro/tigla-ceramica-tondach-cedonia-natur-19-x-40-cm/p/6010432;2026-10-02
Tigla solzi / olane;Olane ceramice Andalusia Aqua 30 (Siceram);Siceram Andalusia Aqua 30;buc;5.70;4.71;60 buc/mp (pt Andalusia 300 mm, conform tehnoconstruct.ro) => 282.64 lei/mp fara TVA;282.64;Dogav Grup (dogav-grup.shop.ro);https://dogav-grup.shop.ro/catalog/tigla-ceramica-si-din-beton-137;2026-10-02
Tigla solzi / olane;Olane ceramice Andalusia Aqua 35 (Siceram);Siceram Andalusia Aqua 35;buc;6.30;5.21;buc/mp negasit pe pagina;;Dogav Grup (dogavgrup.ro);https://www.dogavgrup.ro/cumpara/olane-ceramice-andalusia-aqua-35-siceram-2015;2026-10-02
Tigla solzi / olane;Tigla ceramica Terra Rosa Andalusia 300 mm (tigla olane);Siceram Terra Rosa Andalusia 300;buc;6.42;5.31;60 buc/mp (conform pagina) => 318.35 lei/mp fara TVA;318.35;TehnoConstruct (tehnoconstruct.ro);https://www.tehnoconstruct.ro/cumpara/tigla-ceramica-terra-rosa-andalusia-300-mm-tigla-olane-7694465;2026-10-02
Tigla solzi / olane;Olan Tondach Jadranka P rosu;Tondach Jadranka P;buc;negasit;negasit;27.6 buc/mp (valciu.ro), pret ascuns pe pagina, fragment WebSearch 4.06 lei (vechi, TVA 19%) - neverificat;;Valciu (valciu.ro);https://www.valciu.ro/sisteme-de-invelitori/tigla-ceramica/tondach-tigla-de-baza-tip-olan-jadranka-p-rosu;2026-10-02
Folie anticondens;Folie anticondens Bilka 120 g/mp, 3 straturi, 1.5 x 50 m, 75 mp;Bilka 120 g/mp 3 straturi;rola 75 mp;302.00;249.59;75 mp/rola (fara suprapuneri) => 3.33 lei/mp fara TVA;3.33;Dedeman (dedeman.ro, magazin Bucuresti Valea Cascadelor);https://www.dedeman.ro/ro/folie-anticondens-bilka-120-g/mp-3-straturi-1-5-x-50-m-75-mp/p/6037888;2026-10-02
Folie anticondens;Folie anticondens Bilka 140 g/mp, 3 straturi, 1.5 x 50 m, 75 mp;Bilka 140 g/mp;rola 75 mp;354.00;292.56;75 mp/rola (fara suprapuneri) => 3.90 lei/mp fara TVA;3.90;Dedeman (dedeman.ro, magazin Bucuresti Valea Cascadelor);https://www.dedeman.ro/ro/folie-anticondens-bilka-140-g/mp-3-straturi-1-5-x-50-m-75-mp/p/6039139;2026-10-02
Folie anticondens;Folie anticondens Bilka 150 g/mp, 3 straturi, 1.5 x 50 m, 75 mp;Bilka 150 g/mp;rola 75 mp;379.00;313.22;75 mp/rola (fara suprapuneri) => 4.18 lei/mp fara TVA;4.18;Dedeman (dedeman.ro, magazin Bucuresti Valea Cascadelor);https://www.dedeman.ro/ro/folie-anticondens-bilka-150-g/mp-3-straturi-1-5-x-50-m-75-mp/p/6038447;2026-10-02
Folie anticondens;Folie anticondens Masterplast Linopore RX 6000+, 150 g/mp, 3 straturi, 1.5 x 50 m, 75 mp;Masterplast Linopore RX 6000+ 150 g/mp;rola 75 mp;424.00;350.41;75 mp/rola (fara suprapuneri) => 4.67 lei/mp fara TVA;4.67;Dedeman (dedeman.ro, magazin Bucuresti Valea Cascadelor);https://www.dedeman.ro/ro/folie-anticondens-masterplast-linopore-rx-6000-150-g/mp-3-straturi-1-5-x-50-m-75-mp/p/6072605;2026-10-02
Folie anticondens;Folie anticondens Bramac Standard 120 g/mp, 2 straturi, 1.5 x 50 m, 75 mp;Bramac Standard 120 g/mp;rola 75 mp;507.00;419.01;75 mp/rola (fara suprapuneri) => 5.59 lei/mp fara TVA;5.59;Dedeman (dedeman.ro, magazin Bucuresti Valea Cascadelor);https://www.dedeman.ro/ro/folie-anticondens-bramac-standard-120-g/mp-2-straturi-1-5-x-50-m-75-mp/p/6035071;2026-10-02
Folie anticondens;Folie anticondens Creaton UNO Classic, 120 g/mp, 3 straturi, 1.5 x 50 m, 75 mp;Creaton UNO Classic 120 g/mp;rola 75 mp;529.00;437.19;75 mp/rola (fara suprapuneri) => 5.83 lei/mp fara TVA;5.83;Dedeman (dedeman.ro, magazin Bucuresti Valea Cascadelor);https://www.dedeman.ro/ro/folie-anticondens-creaton-uno-classic-120-g/mp-3-straturi-1-5-x-50-m-75-mp/p/6018030;2026-10-02
Folie anticondens;Folie anticondens Creaton DUO Extra, 150 g/mp, 3 straturi, 1.5 x 50 m, 75 mp;Creaton DUO Extra 150 g/mp;rola 75 mp;910.00;752.07;75 mp/rola (fara suprapuneri) => 10.03 lei/mp fara TVA;10.03;Dedeman (dedeman.ro, magazin Bucuresti Valea Cascadelor);https://www.dedeman.ro/ro/folie-anticondens-creaton-duo-extra-150-g/mp-3-straturi-1-5-x-50-m-75-mp/p/6047730;2026-10-02
Lemn (cherestea);Scandura rasinoase dimensionata 25 mm x 25 cm x 4 m;Total Forest Construct;buc;30.00;24.79;1 buc = 0.025 mc = 1.0 mp (=1200 lei/mc), TVA neprecizat pe site (tratat ca inclus) => 24.79 lei/mp fara TVA;24.79;Depozit Cherestea Chitila (cheresteagrinzi.ro);https://cheresteagrinzi.ro/lista-preturi-cherestea/;2026-10-02
Lemn (cherestea);Cherestea rasinoase dimensionata clasa A+B la 4 m;Total Forest Construct;mc;1150.00;950.41;1 mc scandura 25 mm = 40 mp, TVA neprecizat (tratat ca inclus) => 23.76 lei/mp (la 25 mm) fara TVA;23.76;Depozit Cherestea Chitila (cheresteagrinzi.ro);https://cheresteagrinzi.ro/lista-preturi-cherestea/;2026-10-02
Lemn (cherestea);Cherestea dimensionata 25 cm x 2.5 cm x 4 m;cherestea-constructii.ro;buc;28.00;23.14;1 buc = 1.0 mp, TVA neprecizat (tratat ca inclus) => 23.14 lei/mp fara TVA;23.14;Depozit Cherestea Bucuresti (cherestea-constructii.ro);https://www.cherestea-constructii.ro/pret-cherestea/;2026-10-02
Lemn (cherestea);Cherestea nerindeluita, lemn molid, A/B, 4000 x 150 x 22 mm, ZG;Dedeman molid 22 mm (nu exista 25 mm);buc;36.00;29.75;1 buc = 0.6 mp => 49.59 lei/mp (22 mm) fara TVA;49.59;Dedeman (dedeman.ro, magazin Bucuresti Valea Cascadelor);https://www.dedeman.ro/ro/cherestea-nerindeluita-lemn-molid-a/b-4000-x-150-x-22-mm-zg/p/6068495;2026-10-02
Lemn (cherestea);Cherestea nerindeluita, lemn molid, A/B, 4000 x 100 x 22 mm, ZG;Dedeman molid 22 mm;buc;19.99;16.52;1 buc = 0.4 mp => 41.30 lei/mp (22 mm) fara TVA;41.30;Dedeman (dedeman.ro, magazin Bucuresti Valea Cascadelor);https://www.dedeman.ro/ro/cherestea-nerindeluita-lemn-molid-a/b-4000-x-100-x-22-mm-zg/p/6068499;2026-10-02
Lemn (cherestea);Sipca acoperis 5 x 2.5 cm (contrasipca/sipca tabla);cherestea-constructii.ro;ml;1.25;1.03;pret pe ml, TVA neprecizat => 1.03 lei/ml fara TVA;1.03;Depozit Cherestea Bucuresti (cherestea-constructii.ro);https://www.cherestea-constructii.ro/pret-cherestea/;2026-10-02
Lemn (cherestea);SIPCA TABLA 2.5x5x400 cm;Total Forest Construct;buc 4 m;7.50;6.20;4 ml/buc, TVA neprecizat => 1.55 lei/ml fara TVA;1.55;Depozit Cherestea Chitila (cheresteagrinzi.ro);https://cheresteagrinzi.ro/lista-preturi-cherestea/;2026-10-02
Lemn (cherestea);Cusaci 5x5 cm x 4 m (sipca 50x50);cherestea-constructii.ro;buc 4 m;13.00;10.74;4 ml/buc, TVA neprecizat => 2.69 lei/ml fara TVA;2.69;Depozit Cherestea Bucuresti (cherestea-constructii.ro);https://www.cherestea-constructii.ro/pret-cherestea/;2026-10-02
Lemn (cherestea);Dulap 5 x 5 x 400 (sipca 50x50);Total Forest Construct;buc 4 m;15.00;12.40;4 ml/buc, TVA neprecizat => 3.10 lei/ml fara TVA;3.10;Depozit Cherestea Chitila (cheresteagrinzi.ro);https://cheresteagrinzi.ro/lista-preturi-cherestea/;2026-10-02
Lemn (cherestea);Rigla nerindeluita, lemn molid, A/B, 4000 x 46 x 46 mm, ZG;Dedeman rigla 46x46 (sipca ~50x50);buc;21.79;18.01;4 ml/buc => 4.50 lei/ml fara TVA;4.50;Dedeman (dedeman.ro, magazin Bucuresti Valea Cascadelor);https://www.dedeman.ro/ro/rigla-nerindeluita-lemn-molid-a/b-4000-x-46-x-46-mm-zg/p/6068502;2026-10-02
Lemn (cherestea);Rigla nerindeluita, lemn molid, A/B, 3000 x 48 x 24 mm, ZG;Dedeman rigla 48x24 (contrasipca ~30x50);buc;9.99;8.26;3 ml/buc => 2.75 lei/ml fara TVA;2.75;Dedeman (dedeman.ro, magazin Bucuresti Valea Cascadelor);https://www.dedeman.ro/ro/rigla-nerindeluita-lemn-molid-a/b-3000-x-48-x-24-mm-zg/p/6068500;2026-10-02
Lemn (cherestea);Grinzi rasinoase 10 x 15 x 400;Total Forest Construct;buc;72.00;59.50;0.06 mc/buc (=1200 lei/mc), TVA neprecizat => 14.88 lei/ml fara TVA;14.88;Depozit Cherestea Chitila (cheresteagrinzi.ro);https://cheresteagrinzi.ro/lista-preturi-cherestea/;2026-10-02
Lemn (cherestea);Grinzi rasinoase 15 x 15 x 400;Total Forest Construct;buc;100.00;82.64;0.09 mc/buc (=1111 lei/mc), TVA neprecizat => 20.66 lei/ml fara TVA;20.66;Depozit Cherestea Chitila (cheresteagrinzi.ro);https://cheresteagrinzi.ro/lista-preturi-cherestea/;2026-10-02
Lemn (cherestea);Grinda 12/12 x 4 ml;cherestea-constructii.ro;buc;65.00;53.72;0.0576 mc/buc (=1128 lei/mc), TVA neprecizat => 13.43 lei/ml fara TVA;13.43;Depozit Cherestea Bucuresti (cherestea-constructii.ro);https://www.cherestea-constructii.ro/pret-cherestea/;2026-10-02
Lemn (cherestea);Cherestea nerindeluita, lemn molid, A/B 4000 x 100 x 100 mm, ZG;Dedeman grinda molid 10x10;buc;89.00;73.55;4 ml/buc, 0.04 mc => 18.39 lei/ml fara TVA;18.39;Dedeman (dedeman.ro, magazin Bucuresti Valea Cascadelor);https://www.dedeman.ro/ro/cherestea-nerindeluita-lemn-molid-a/b-4000-x-100-x-100-mm-zg/p/6068506;2026-10-02
Lemn (cherestea);Grinda lamelara, rindeluita, lemn rasinoase, 4000 x 160 x 160 mm;Dedeman grinda lamelara 16x16;buc;597.99;494.21;4 ml/buc => 123.55 lei/ml fara TVA;123.55;Dedeman (dedeman.ro, magazin Bucuresti Valea Cascadelor);https://www.dedeman.ro/ro/grinda-lamelara-rindeluita-lemn-rasinoase-4000-x-160-x-160-mm/p/6061210;2026-10-02
Lambriu / pazie;Lambriu Larice Siberian 19x146 mm (3-4 m);Enipau;mp;254.10;210.00;pret afisat FARA TVA pe site => 210.00 lei/mp fara TVA;210.00;Enipau (enipau.ro);https://enipau.ro/produs/lambriuri-lemn-exterior/lambriu-larice-siberian/;2026-10-02
Lambriu / pazie;Lambriu Larice 20x146 (natur, netermotratat);Lemn Depo;mp;164.00;135.54;TVA neprecizat (tratat ca inclus) => 135.54 lei/mp fara TVA;135.54;Lemn Depo (lemn-depo.ro);https://lemn-depo.ro/lambriu-larice-20x146/;2026-10-02
Lambriu / pazie;Lambriu larice TERMOTRATAT;-;mp;negasit;negasit;negasit verificat, fragment WebSearch 95-140 lei/mp (brig.ro, neverificat), alternativa: pin termotratat Dedeman;;-;-;2026-10-02
Lambriu / pazie;Lambriu pin termotratat, interior / exterior, 3000 x 21 x 100 mm;Dedeman pin termotratat 21x100 (alternativa la larice);m2;239.00;197.52;pret/mp suprafata utila conform site => 197.52 lei/mp fara TVA;197.52;Dedeman (dedeman.ro, magazin Bucuresti Valea Cascadelor);https://www.dedeman.ro/ro/lambriu-pin-termotratat-interior/-exterior-3000-x-21-x-100-mm/p/4017508;2026-10-02
Lambriu / pazie;Pazie pin termotratat, interior / exterior, 185 (2 buc) x 21 mm, 4 m;Dedeman pazie pin termotratat 185x21, 4 m (2 buc);buc;175.00;144.63;2 x 4 ml = 8 ml/buc => 18.08 lei/ml fara TVA;18.08;Dedeman (dedeman.ro, magazin Bucuresti Valea Cascadelor);https://www.dedeman.ro/ro/pazie-pin-termotratat-interior/-exterior-185-2-buc-x-21-mm-4-m/p/4017601;2026-10-02
Lambriu / pazie;Pazie din lemn rasinoase, exterior, 200 x 20 mm, 4 m;Dedeman pazie rasinoase 200x20;buc;68.90;56.94;4 ml/buc => 14.24 lei/ml fara TVA;14.24;Dedeman (dedeman.ro, magazin Bucuresti Valea Cascadelor);https://www.dedeman.ro/ro/pazie-din-lemn-rasinoase-exterior-200-x-20-mm-4-m/p/4009252;2026-10-02
Lambriu / pazie;Pazie larice;-;ml;negasit;negasit;negasit;;-;-;2026-10-02
Lambriu / pazie;Pazie 25 x 400 cm (rasinoase);Total Forest Construct;buc;75.00;61.98;4 ml/buc, TVA neprecizat => 15.50 lei/ml fara TVA;15.50;Depozit Cherestea Chitila (cheresteagrinzi.ro);https://cheresteagrinzi.ro/lista-preturi-cherestea/;2026-10-02
Tratamente lemn;Lac / lazura pentru lemn, Sadolin Extra, mahon, exterior, 2.5 L;Sadolin Extra (lazura semitransparenta, NU opaca);buc;216.99;179.33;2.5 L => 71.73 lei/L fara TVA;71.73;Dedeman (dedeman.ro, magazin Bucuresti Valea Cascadelor);https://www.dedeman.ro/ro/lac/-lazura-pentru-lemn-sadolin-extra-mahon-exterior-2-5-l/p/5001080;2026-10-02
Tratamente lemn;Lac / lazura 3 in 1 pentru lemn, Kober Ecolasure Extra, alb, pe baza de apa, interior / exterior, 2.5 L;Kober Ecolasure Extra alb 2.5 L;buc;144.99;119.83;2.5 L => 47.93 lei/L fara TVA;47.93;Dedeman (dedeman.ro, magazin Bucuresti Valea Cascadelor);https://www.dedeman.ro/ro/lac/-lazura-3-in-1-pentru-lemn-kober-ecolasure-extra-alb-pe-baza-de-apa-interior/-exterior-2-5-l/p/5007332;2026-10-02
Tratamente lemn;Lazura lucioasa pentru lemn, Sadolin Extreme, cu efect autocuratare, pe baza de apa, gri grafit, interior / exterior, 4.5 L;Sadolin Extreme 4.5 L;buc;442.00;365.29;4.5 L => 81.18 lei/L fara TVA;81.18;Dedeman (dedeman.ro, magazin Bucuresti Valea Cascadelor);https://www.dedeman.ro/ro/lazura-lucioasa-pentru-lemn-sadolin-extreme-cu-efect-autocuratare-pe-baza-de-apa-gri-grafit-interior/-exterior-4-5-l/p/5019572;2026-10-02
Tratamente lemn;Lazura OPACA exterior (ex. Sadolin Superdec);-;L;negasit;negasit;negasit in magazinele accesibile, vezi lazuri Sadolin/Kober;;-;-;2026-10-02
Tratamente lemn;Concentrat antifungic / insecticid pentru lemn, Bochemit Opti F+t, transparent, interior / exterior, 5 kg;Bochemit Opti F+t 5 kg concentrat (fungicid+insecticid);buc 5 kg;509.00;420.66;5 kg concentrat (se dilueaza 1:4 conform producator - de verificat) => 84.13 lei/kg fara TVA;84.13;Dedeman (dedeman.ro, magazin Bucuresti Valea Cascadelor);https://www.dedeman.ro/ro/concentrat-antifungic/-insecticid-pentru-lemn-bochemit-opti-f-t-transparent-interior/-exterior-5-kg/p/5007933;2026-10-02
Tratamente lemn;Concentrat antifungic / insecticid pentru lemn, Bochemit Opti F+t, maro, interior / exterior, 1 kg;Bochemit Opti F+t 1 kg;buc;118.99;98.34;1 kg => 98.34 lei/kg fara TVA;98.34;Dedeman (dedeman.ro, magazin Bucuresti Valea Cascadelor);https://www.dedeman.ro/ro/concentrat-antifungic/-insecticid-pentru-lemn-bochemit-opti-f-t-maro-interior/-exterior-1-kg/p/5007931;2026-10-02
Tratamente lemn;Impregnant pentru lemn, Sadolin Anticarii WK, incolor, 0.75 L;Sadolin Anticarii WK 0.75 L;buc;72.00;59.50;0.75 L => 79.34 lei/L fara TVA;79.34;Dedeman (dedeman.ro, magazin Bucuresti Valea Cascadelor);https://www.dedeman.ro/ro/impregnant-pentru-lemn-sadolin-anticarii-wk-incolor-0-75-l/p/5002261;2026-10-02
Tratamente lemn;Solutie ignifugare lemn, Bochemit Pyro N, interior, incolor, 25 kg;Bochemit Pyro N 25 kg (interior);buc;529.00;437.19;25 kg => 17.49 lei/kg fara TVA;17.49;Dedeman (dedeman.ro, magazin Bucuresti Valea Cascadelor);https://www.dedeman.ro/ro/solutie-ignifugare-lemn-bochemit-pyro-n-interior-incolor-25-kg/p/5021408;2026-10-02
Tratamente lemn;Agent ignifug pentru lemn, Setistop - S, solutie concentrata, 25 kg;Setistop-S 25 kg concentrat;buc;414.00;342.15;25 kg => 13.69 lei/kg fara TVA;13.69;Dedeman (dedeman.ro, magazin Bucuresti Valea Cascadelor);https://www.dedeman.ro/ro/agent-ignifug-pentru-lemn-setistop-s-solutie-concentrata-25-kg/p/5009176;2026-10-02
Tratamente lemn;Impregnant ignifug pentru lemn, Tytan Professional 4F, transparent / rosu, 20 kg;Tytan 4F 20 kg (ignifug+fungicid+insecticid);buc;448.99;371.07;20 kg => 18.55 lei/kg fara TVA;18.55;Dedeman (dedeman.ro, magazin Bucuresti Valea Cascadelor);https://www.dedeman.ro/ro/impregnant-ignifug-pentru-lemn-tytan-professional-4f-transparent/-rosu-20-kg/p/5002715;2026-10-02
Tratamente lemn;Agent ignifug pentru lemn, Antiflam, 20 kg;Antiflam 20 kg;buc;112.00;92.56;20 kg => 4.63 lei/kg fara TVA;4.63;Dedeman (dedeman.ro, magazin Bucuresti Valea Cascadelor);https://www.dedeman.ro/ro/agent-ignifug-pentru-lemn-antiflam-20-kg/p/5016022;2026-10-02
Tabla;Tabla plana din otel, zincata, Bilka, maro (RAL 8017), mat, 2000 x 1250 x 0.5 mm;Bilka tabla prevopsita 0.5 mm 2x1.25 m;buc;147.00;121.49;2.5 mp/foaie => 48.60 lei/mp fara TVA;48.60;Dedeman (dedeman.ro, magazin Bucuresti Valea Cascadelor);https://www.dedeman.ro/ro/tabla-plana-din-otel-zincata-bilka-maro-ral-8017-mat-2000-x-1250-x-0-5-mm/p/6038263;2026-10-02
Tabla;Tabla plana din otel, zincata, Bilka, gri lucios (RAL 7024), 2000 x 1250 x 0.5 mm;Bilka tabla prevopsita 0.5 mm lucios;buc;141.00;116.53;2.5 mp/foaie => 46.61 lei/mp fara TVA;46.61;Dedeman (dedeman.ro, magazin Bucuresti Valea Cascadelor);https://www.dedeman.ro/ro/tabla-plana-din-otel-zincata-bilka-gri-lucios-ral-7024-2000-x-1250-x-0-5-mm/p/6049450;2026-10-02
Tabla;Tabla plana din otel, zincata, Bilka, rosu (RAL 3011), lucios, 2000 x 1250 x 0.45 mm;Bilka tabla prevopsita 0.45 mm;buc;130.99;108.26;2.5 mp/foaie => 43.30 lei/mp fara TVA;43.30;Dedeman (dedeman.ro, magazin Bucuresti Valea Cascadelor);https://www.dedeman.ro/ro/tabla-plana-din-otel-zincata-bilka-rosu-ral-3011-lucios-2000-x-1250-x-0-45-mm/p/6037519;2026-10-02
Tabla;TABLA ZINCATA 0,5X1000X2000 mm;-;foaie;76.59;63.30;2 mp/foaie => 31.65 lei/mp fara TVA;31.65;Constal (constal.ro);https://www.constal.ro/cumpara/tabla-zincata-0-5x1000x2000-mm-1156;2026-10-02
Tabla;Tabla zincata lisa, 0.4 x 1000 x 2000 mm;Dedeman tabla zincata lisa 0.4 mm (0.5 mm nu exista la Dedeman);buc;51.64;42.68;2 mp/foaie => 21.34 lei/mp fara TVA;21.34;Dedeman (dedeman.ro, magazin Bucuresti Valea Cascadelor);https://www.dedeman.ro/ro/tabla-zincata-lisa-0-4-x-1000-x-2000-mm/p/6003398;2026-10-02
Sistem pluvial;Jgheab de scurgere pentru sistem pluvial, Bilka, metalic, rosu (RAL 3011), lucios, D 125, 4 m;Bilka jgheab D125 4 m prevopsit;buc;79.46;65.67;4 ml/buc => 16.42 lei/ml fara TVA;16.42;Dedeman (dedeman.ro, magazin Bucuresti Valea Cascadelor);https://www.dedeman.ro/ro/jgheab-de-scurgere-pentru-sistem-pluvial-bilka-metalic-rosu-ral-3011-lucios-d-125-4-m/p/6037727;2026-10-02
Sistem pluvial;Jgheab de scurgere pentru sistem pluvial, Bilka, metalic, aluzinc, lucios, D 125, 4 m;Bilka jgheab D125 4 m aluzinc;buc;55.04;45.49;4 ml/buc => 11.37 lei/ml fara TVA;11.37;Dedeman (dedeman.ro, magazin Bucuresti Valea Cascadelor);https://www.dedeman.ro/ro/jgheab-de-scurgere-pentru-sistem-pluvial-bilka-metalic-aluzinc-lucios-d-125-4-m/p/6043752;2026-10-02
Sistem pluvial;Jgheab de scurgere pentru sistem pluvial, Bilka, metalic - magnelis, gri, lucios, D 125, 4 m;Bilka jgheab D125 4 m Magnelis;buc;55.04;45.49;4 ml/buc => 11.37 lei/ml fara TVA;11.37;Dedeman (dedeman.ro, magazin Bucuresti Valea Cascadelor);https://www.dedeman.ro/ro/jgheab-de-scurgere-pentru-sistem-pluvial-bilka-metalic-magnelis-gri-lucios-d-125-4-m/p/6059316;2026-10-02
Sistem pluvial;Burlan scurgere pentru sistem pluvial, Bilka, circular, metalic, rosu (RAL 3011), lucios, 3 m, D 90 mm;Bilka burlan D90 3 m prevopsit;buc;70.28;58.08;3 ml/buc => 19.36 lei/ml fara TVA;19.36;Dedeman (dedeman.ro, magazin Bucuresti Valea Cascadelor);https://www.dedeman.ro/ro/burlan-scurgere-pentru-sistem-pluvial-bilka-circular-metalic-rosu-ral-3011-lucios-3-m-d-90-mm/p/6037486;2026-10-02
Sistem pluvial;Burlan scurgere pentru sistem pluvial, Bilka, metalic, aluzinc, lucios, 3 m, D 90 mm;Bilka burlan D90 3 m aluzinc;buc;48.12;39.77;3 ml/buc => 13.26 lei/ml fara TVA;13.26;Dedeman (dedeman.ro, magazin Bucuresti Valea Cascadelor);https://www.dedeman.ro/ro/burlan-scurgere-pentru-sistem-pluvial-bilka-metalic-aluzinc-lucios-3-m-d-90-mm/p/6043753;2026-10-02
Sistem pluvial;Burlan scurgere pentru sistem pluvial, Bilka, circular, metalic, rosu inchis (RAL 3009), lucios, 3 m, D 100 mm;Bilka burlan D100 3 m prevopsit;buc;85.04;70.28;3 ml/buc => 23.43 lei/ml fara TVA;23.43;Dedeman (dedeman.ro, magazin Bucuresti Valea Cascadelor);https://www.dedeman.ro/ro/burlan-scurgere-pentru-sistem-pluvial-bilka-circular-metalic-rosu-inchis-ral-3009-lucios-3-m-d-100-mm/p/6037431;2026-10-02
Sistem pluvial;Carlig reglabil jgheab pentru sistem pluvial, Bilka, metalic, rosu (RAL 3011), lucios, 125 x 160 mm;Bilka carlig reglabil 125;buc;9.86;8.15;;;Dedeman (dedeman.ro, magazin Bucuresti Valea Cascadelor);https://www.dedeman.ro/ro/carlig-reglabil-jgheab-pentru-sistem-pluvial-bilka-metalic-rosu-ral-3011-lucios-125-x-160-mm/p/6065209;2026-10-02
Sistem pluvial;Racord jgheab 125 mm - burlan 90 mm, pentru sistem pluvial, Bilka, metalic, maro (RAL 8017), lucios, 0.6 mm;Bilka racord 125/90;buc;19.49;16.11;;;Dedeman (dedeman.ro, magazin Bucuresti Valea Cascadelor);https://www.dedeman.ro/ro/racord-jgheab-125-mm-burlan-90-mm-pentru-sistem-pluvial-bilka-metalic-maro-ral-8017-lucios-0-6-mm/p/6037214;2026-10-02
Sistem pluvial;Colier burlan pentru sistem pluvial, Bilka, metalic, rosu (RAL 3011), lucios, D 90 mm;Bilka colier D90;buc;7.45;6.16;;;Dedeman (dedeman.ro, magazin Bucuresti Valea Cascadelor);https://www.dedeman.ro/ro/colier-burlan-pentru-sistem-pluvial-bilka-metalic-rosu-ral-3011-lucios-d-90-mm/p/6037723;2026-10-02
Sistem pluvial;Cot 60 grade racord jgheab pentru sistem pluvial, Bilka, metalic, rosu (RAL 3011), lucios, D 90 x 0.6 mm;Bilka cot 60 D90;buc;19.49;16.11;;;Dedeman (dedeman.ro, magazin Bucuresti Valea Cascadelor);https://www.dedeman.ro/ro/cot-60-grade-racord-jgheab-pentru-sistem-pluvial-bilka-metalic-rosu-ral-3011-lucios-d-90-x-0-6-mm/p/6037752;2026-10-02
Sistem pluvial;Cot evacuare burlan pentru sistem pluvial, Bilka, metalic, aluzinc, lucios, D 90 x 0.6 mm;Bilka cot evacuare D90;buc;18.53;15.31;;;Dedeman (dedeman.ro, magazin Bucuresti Valea Cascadelor);https://www.dedeman.ro/ro/cot-evacuare-burlan-pentru-sistem-pluvial-bilka-metalic-aluzinc-lucios-d-90-x-0-6-mm/p/6043761;2026-10-02
Sistem pluvial;Coltar jgheab pentru sistem pluvial, exterior, Bilka, 90 grade, metalic, rosu (RAL 3011), lucios, D 125 mm;Bilka colt exterior 90 D125;buc;64.51;53.31;;;Dedeman (dedeman.ro, magazin Bucuresti Valea Cascadelor);https://www.dedeman.ro/ro/coltar-jgheab-pentru-sistem-pluvial-exterior-bilka-90-grade-metalic-rosu-ral-3011-lucios-d-125-mm/p/6037753;2026-10-02
Sistem pluvial;Capac de jgheab pentru sistem pluvial Bilka, metalic, rosu (RAL 3011), lucios, D 125 mm;Bilka capac jgheab D125;buc;8.28;6.84;;;Dedeman (dedeman.ro, magazin Bucuresti Valea Cascadelor);https://www.dedeman.ro/ro/capac-de-jgheab-pentru-sistem-pluvial-bilka-metalic-rosu-ral-3011-lucios-d-125-mm/p/6037729;2026-10-02
Sistem pluvial;Element imbinare jgheab, pentru sistem pluvial, Bilka, metalic, caramiziu (RAL 8004), lucios, D 125 mm;Bilka imbinare jgheab D125;buc;11.43;9.45;;;Dedeman (dedeman.ro, magazin Bucuresti Valea Cascadelor);https://www.dedeman.ro/ro/element-imbinare-jgheab-pentru-sistem-pluvial-bilka-metalic-caramiziu-ral-8004-lucios-d-125-mm/p/6038287;2026-10-02
Opritori zapada;Taietor zapada metal, Balance, Creaton, rosu, 360 x 34 x 111 mm;Creaton opritor zapada Balance (pt tigla ceramica);buc;6.68;5.52;uzual ~2-4 buc/mp in zona de streasina (de verificat);;Dedeman (dedeman.ro, magazin Bucuresti Valea Cascadelor);https://www.dedeman.ro/ro/taietor-zapada-metal-balance-creaton-rosu-360-x-34-x-111-mm/p/6017722;2026-10-02
Opritori zapada;Taietor zapada metal, Renoton 9 (Tango Plus), Tondach, maro, 370 x 36 mm;Tondach opritor zapada Renoton 9;buc;7.65;6.32;;;Dedeman (dedeman.ro, magazin Bucuresti Valea Cascadelor);https://www.dedeman.ro/ro/taietor-zapada-metal-renoton-9-tango-plus-tondach-maro-370-x-36-mm/p/6046785;2026-10-02
Opritori zapada;Taietor zapada metal, Bramac, rosu caramiziu, 380 x 33 mm;Bramac opritor zapada 380x33;buc;8.71;7.20;;;Dedeman (dedeman.ro, magazin Bucuresti Valea Cascadelor);https://www.dedeman.ro/ro/taietor-zapada-metal-bramac-rosu-caramiziu-380-x-33-mm/p/6020658;2026-10-02
Opritori zapada;SET Parazapada grilaj 3 m ZINCAT tigla ceramica (3 suporti);accesoriipentruacoperis.ro;set 3 ml;258.00;213.22;3 ml/set, 4 suporti=298, 5 suporti=338 lei => 71.07 lei/ml fara TVA;71.07;Accesorii pentru acoperis (accesoriipentruacoperis.ro);https://www.accesoriipentruacoperis.ro/parazapezi/parazapada-grilaj-3m-zincat-pentru-invelitori-ceramice.html;2026-10-02
Opritori zapada;Opritor de zapada Bilka, rosu lucios (RAL 3011), 2000 x 0.45 mm;Bilka opritor tabla 2 m (pt tabla);buc;34.98;28.91;2 ml/buc => 14.45 lei/ml fara TVA;14.45;Dedeman (dedeman.ro, magazin Bucuresti Valea Cascadelor);https://www.dedeman.ro/ro/opritor-de-zapada-bilka-rosu-lucios-ral-3011-2000-x-0-45-mm/p/6037517;2026-10-02
Cos fum / zidarie;Element liniar inox neizolat, Linox Tehnic, D 180 mm, L 1 m;Linox Tehnic inox AISI 304, 0.4 mm, D180;buc;133.00;109.92;1 ml/buc => 109.92 lei/ml fara TVA;109.92;Dedeman (dedeman.ro, magazin Bucuresti Valea Cascadelor);https://www.dedeman.ro/ro/element-liniar-inox-neizolat-linox-tehnic-d-180-mm-l-1-m/p/2016644;2026-10-02
Cos fum / zidarie;Burlan inox, D 180 mm, L 1 m;burlan inox D180 (grad inox nespecificat);buc;134.00;110.74;1 ml/buc => 110.74 lei/ml fara TVA;110.74;Dedeman (dedeman.ro, magazin Bucuresti Valea Cascadelor);https://www.dedeman.ro/ro/burlan-inox-d-180-mm-l-1-m/p/2020001;2026-10-02
Cos fum / zidarie;Tub flexibil din inox, D 180 mm;tub flexibil inox D180;m;98.71;81.58;pret/ml => 81.58 lei/ml fara TVA;81.58;Dedeman (dedeman.ro, magazin Bucuresti Valea Cascadelor);https://www.dedeman.ro/ro/tub-flexibil-din-inox-d-180-mm/p/2003184;2026-10-02
Cos fum / zidarie;Terminal inox contra ploaie, pentru cos de fum neizolat, Versia Lux, D 180 mm;Versia Lux caciula/terminal D180;buc;88.48;73.12;;;Dedeman (dedeman.ro, magazin Bucuresti Valea Cascadelor);https://www.dedeman.ro/ro/terminal-inox-contra-ploaie-pentru-cos-de-fum-neizolat-versia-lux-d-180-mm/p/2034510;2026-10-02
Cos fum / zidarie;Caramida interior / exterior, Leier CP, plina, 240 x 115 x 63 mm;Leier CP plina 240x115x63;buc;3.64;3.01;;;Dedeman (dedeman.ro, magazin Bucuresti Valea Cascadelor);https://www.dedeman.ro/ro/caramida-interior/-exterior-leier-cp-plina-240-x-115-x-63-mm/p/6016486;2026-10-02
Cos fum / zidarie;Caramida interior / exterior, Helios, plina, rosu, P63A, 230 x 115 x 63 mm;Helios plina 230x115x63;buc;3.57;2.95;;;Dedeman (dedeman.ro, magazin Bucuresti Valea Cascadelor);https://www.dedeman.ro/ro/caramida-interior/-exterior-helios-plina-rosu-p63a-230-x-115-x-63-mm/p/6006574;2026-10-02
Cos fum / zidarie;Mortar tinci pentru tencuieli fine, Ceresit CT 29, interior / exterior, 25 kg;Ceresit CT 29 25 kg (mortar tinci);sac 25 kg;29.00;23.97;;;Dedeman (dedeman.ro, magazin Bucuresti Valea Cascadelor);https://www.dedeman.ro/ro/mortar-tinci-pentru-tencuieli-fine-ceresit-ct-29-interior/-exterior-25-kg/p/5000829;2026-10-02
Cos fum / zidarie;Mortar pentru zidarie, Baumit MM 50, gri, interior / exterior, 30 kg;Baumit MM 50 30 kg (ciment-var);sac 30 kg;24.50;20.25;;;Dedeman (dedeman.ro, magazin Bucuresti Valea Cascadelor);https://www.dedeman.ro/ro/mortar-pentru-zidarie-baumit-mm-50-gri-interior/-exterior-30-kg/p/5011171;2026-10-02
Cos fum / zidarie;Var hidratat pentru mortare / tencuieli, Carmeuse, gri, 20 kg;Carmeuse var hidratat 20 kg;sac 20 kg;27.48;22.71;;;Dedeman (dedeman.ro, magazin Bucuresti Valea Cascadelor);https://www.dedeman.ro/ro/var-hidratat-pentru-mortare/-tencuieli-carmeuse-gri-20-kg/p/6031190;2026-10-02
Cos fum / zidarie;Ciment Romcim Ultra 42,5 40 kg;Romcim Ultra 42.5 40 kg;sac 40 kg;36.99;30.57;;;Dedeman (dedeman.ro, magazin Bucuresti Valea Cascadelor);https://www.dedeman.ro/ro/ciment-romcim-ultra-42-5-40-kg/p/6011034;2026-10-02
Cos fum / zidarie;Solutie hidrofobizanta Antipluviol 5 kg;Antipluviol 5 kg;buc;89.92;74.31;5 kg (~5 L) => 14.86 lei/kg fara TVA;14.86;Dedeman (dedeman.ro, magazin Bucuresti Valea Cascadelor);https://www.dedeman.ro/ro/solutie-hidrofobizanta-antipluviol-5-kg/p/5012893;2026-10-02
Cos fum / zidarie;Hidrofobizant Antipluviol 25 kg;Antipluviol 25 kg;buc;476.00;393.39;25 kg => 15.74 lei/kg fara TVA;15.74;Dedeman (dedeman.ro, magazin Bucuresti Valea Cascadelor);https://www.dedeman.ro/ro/hidrofobizant-antipluviol-25-kg/p/5007238;2026-10-02
Cos fum / zidarie;Solutie impermeabilizare piatra si caramida aparenta, Nantec Wet, 5 L;Nantec Wet 5 L;buc;524.00;433.06;5 L => 86.61 lei/L fara TVA;86.61;Dedeman (dedeman.ro, magazin Bucuresti Valea Cascadelor);https://www.dedeman.ro/ro/solutie-impermeabilizare-piatra-si-caramida-aparenta-nantec-wet-5-l/p/5019340;2026-10-02
Paratrasnet;Conductor rotund Obo 5021050, D 8 mm, otel zincat;OBO 5021050 OL-Zn D8;m;9.20;7.60;pret/ml => 7.60 lei/ml fara TVA;7.60;Dedeman (dedeman.ro, magazin Bucuresti Valea Cascadelor);https://www.dedeman.ro/ro/conductor-rotund-obo-5021050-d-8-mm-otel-zincat/p/1004208;2026-10-02
Paratrasnet;Suport conductor Obo 5202510, pentru acoperis din tigla / metalic, Rd 8, otel inoxidabil;OBO 5202510 suport tigla Rd8 inox;buc;44.82;37.04;;;Dedeman (dedeman.ro, magazin Bucuresti Valea Cascadelor);https://www.dedeman.ro/ro/suport-conductor-obo-5202510-pentru-acoperis-din-tigla/-metalic-rd-8-otel-inoxidabil/p/1094347;2026-10-02
Paratrasnet;Suport conductor Obo 5215595, pentru acoperis tigla, cu clema din otel, 410 mm, otel inoxidabil;OBO 5215595 suport tigla 410 mm inox;buc;22.91;18.93;;;Dedeman (dedeman.ro, magazin Bucuresti Valea Cascadelor);https://www.dedeman.ro/ro/suport-conductor-obo-5215595-pentru-acoperis-tigla-cu-clema-din-otel-410-mm-otel-inoxidabil/p/1004757;2026-10-02
Paratrasnet;Suport conductor Rd 8-10 mm Obo 5229960, cu filet interior M8, zinc;OBO 5229960 suport M8 zinc;buc;9.98;8.25;;;Dedeman (dedeman.ro, magazin Bucuresti Valea Cascadelor);https://www.dedeman.ro/ro/suport-conductor-rd-8-10-mm-obo-5229960-cu-filet-interior-m8-zinc/p/1004294;2026-10-02
Paratrasnet;Legatura cruce conductor Obo 5311500, D 8-10 mm, otel zincat;OBO 5311500 legatura cruce;buc;11.00;9.09;;;Dedeman (dedeman.ro, magazin Bucuresti Valea Cascadelor);https://www.dedeman.ro/ro/legatura-cruce-conductor-obo-5311500-d-8-10-mm-otel-zincat/p/1002460;2026-10-02
Paratrasnet;Clema fixare conductor Obo 5316014, pentru jgheaburi, 60 mm, otel zincat;OBO 5316014 clema jgheab;buc;21.01;17.36;;;Dedeman (dedeman.ro, magazin Bucuresti Valea Cascadelor);https://www.dedeman.ro/ro/clema-fixare-conductor-obo-5316014-pentru-jgheaburi-60-mm-otel-zincat/p/1003855;2026-10-02
Metal / diverse;Banda autoadeziva Ekobit aluminiu, natural, 10 cm x 1,5 mm x 5 m;Ekobit banda alu 10 cm x 5 m;sul;53.59;44.29;5 ml/sul => 8.86 lei/ml fara TVA;8.86;Dedeman (dedeman.ro, magazin Bucuresti Valea Cascadelor);https://www.dedeman.ro/ro/banda-autoadeziva-ekobit-aluminiu-natural-10-cm-x-1-5-mm-x-5-m/p/6030386;2026-10-02
Metal / diverse;Banda reparatii si etansare Onduband, aluminiu, 15 cm x 5 metri;Onduband alu 15 cm x 5 m;rolă;54.89;45.36;5 ml/rola => 9.07 lei/ml fara TVA;9.07;Dedeman (dedeman.ro, magazin Bucuresti Valea Cascadelor);https://www.dedeman.ro/ro/banda-reparatii-si-etansare-onduband-aluminiu-15-cm-x-5-metri/p/6036727;2026-10-02
Metal / diverse;Cositor pentru lipit cupru si tabla zincata LP 60, 1 kg;LP60 (Sn60/Pb40);kg;164.69;136.11;pret/kg => 136.11 lei/kg fara TVA;136.11;MetaloChimice (metalochimice.ro);https://www.metalochimice.ro/cositor-pentru-lipit-cupru-si-tabla-zincata-lp-60-1-kg/;2026-10-02
Metal / diverse;Panou zincat Edilplan diametru 3 mm, 1000 x 2000 mm, ochi 50 x 50 mm;Edilplan plasa sudata zincata 3 mm, ochi 50;buc;86.13;71.18;2 mp/panou => 35.59 lei/mp fara TVA;35.59;Dedeman (dedeman.ro, magazin Bucuresti Valea Cascadelor);https://www.dedeman.ro/ro/panou-zincat-edilplan-diametru-3-mm-1000-x-2000-mm-ochi-50-x-50-mm/p/6029542;2026-10-02
Metal / diverse;Plasa sapa Edilplan diametru 1.7 mm, 1000 x 2000 mm, ochi 60 x 60 mm;Edilplan plasa sudata 1.7 mm ochi 60;buc;18.31;15.13;2 mp/buc => 7.57 lei/mp fara TVA;7.57;Dedeman (dedeman.ro, magazin Bucuresti Valea Cascadelor);https://www.dedeman.ro/ro/plasa-sapa-edilplan-diametru-1-7-mm-1000-x-2000-mm-ochi-60-x-60-mm/p/6015666;2026-10-02
Metal / diverse;Plasa gard sudata zincata, 1 x 25 m;plasa sudata zincata rola 25 mp;rolă;136.00;112.40;25 mp/rola => 4.50 lei/mp fara TVA;4.50;Dedeman (dedeman.ro, magazin Bucuresti Valea Cascadelor);https://www.dedeman.ro/ro/plasa-gard-sudata-zincata-1-x-25-m/p/6065234;2026-10-02
Metal / diverse;Teava dreptunghiulara otel S235, 40 x 20 x 2 mm;teava rect. 40x20x2;m;12.51;10.34;pret/m => 10.34 lei/ml fara TVA;10.34;Dedeman (dedeman.ro, magazin Bucuresti Valea Cascadelor);https://www.dedeman.ro/ro/teava-dreptunghiulara-otel-s235-40-x-20-x-2-mm/p/6000256;2026-10-02
Metal / diverse;Teava dreptunghiulara otel S235, 60 x 40 x 2 mm;teava rect. 60x40x2;m;21.83;18.04;pret/m => 18.04 lei/ml fara TVA;18.04;Dedeman (dedeman.ro, magazin Bucuresti Valea Cascadelor);https://www.dedeman.ro/ro/teava-dreptunghiulara-otel-s235-60-x-40-x-2-mm/p/6000532;2026-10-02
Metal / diverse;Teava patrata otel S235, 40 x 40 x 2 mm;teava patrata 40x40x2;m;17.21;14.22;pret/m => 14.22 lei/ml fara TVA;14.22;Dedeman (dedeman.ro, magazin Bucuresti Valea Cascadelor);https://www.dedeman.ro/ro/teava-patrata-otel-s235-40-x-40-x-2-mm/p/6000255;2026-10-02
Fixare;Surub autoforant, cu cap hexagonal, Hex 8, Friulsider TE, din otel, DIN 7504 K, 4.8 x 32 mm;Friulsider TE 4.8x32 DIN 7504K;buc;0.24;0.20;;;Dedeman (dedeman.ro, magazin Bucuresti Valea Cascadelor);https://www.dedeman.ro/ro/surub-autoforant-cu-cap-hexagonal-hex-8-friulsider-te-din-otel-din-7504-k-4-8-x-32-mm/p/1028949;2026-10-02
Fixare;Surub autoforant, cu cap hexagonal, Hex 8, Friulsider TE, din otel, DIN 7504 K, 5.5 x 25 mm;Friulsider TE 5.5x25;buc;0.33;0.27;;;Dedeman (dedeman.ro, magazin Bucuresti Valea Cascadelor);https://www.dedeman.ro/ro/surub-autoforant-cu-cap-hexagonal-hex-8-friulsider-te-din-otel-din-7504-k-5-5-x-25-mm/p/1029008;2026-10-02
Fixare;Cuie constructii, 3 x 70 mm, cutie 5 kg;cuie 3x70 cutie 5 kg;kg;6.99;5.78;;;Dedeman (dedeman.ro, magazin Bucuresti Valea Cascadelor);https://www.dedeman.ro/ro/cuie-constructii-3-x-70-mm-cutie-5-kg/p/6000023;2026-10-02
Fixare;Cuie constructii, 4 x 100 mm, cutie 5 kg;cuie 4x100 cutie 5 kg;kg;7.25;5.99;;;Dedeman (dedeman.ro, magazin Bucuresti Valea Cascadelor);https://www.dedeman.ro/ro/cuie-constructii-4-x-100-mm-cutie-5-kg/p/6000281;2026-10-02
Fixare;Cuie cu cap plat, pentru tabla, Easy-Fix, 2.5 x 25 mm, 0.100 kg;Easy-Fix cuie tabla 0.1 kg;buc;5.28;4.36;0.1 kg/buc(pachet) => 43.64 lei/kg fara TVA;43.64;Dedeman (dedeman.ro, magazin Bucuresti Valea Cascadelor);https://www.dedeman.ro/ro/cuie-cu-cap-plat-pentru-tabla-easy-fix-2-5-x-25-mm-0-100-kg/p/1019204;2026-10-02
Fixare;Scoabe pentru constructii, otel, 8 x 200 mm;scoaba 8x200;buc;4.59;3.79;;;Dedeman (dedeman.ro, magazin Bucuresti Valea Cascadelor);https://www.dedeman.ro/ro/scoabe-pentru-constructii-otel-8-x-200-mm/p/6000679;2026-10-02
Fixare;Scoabe pentru constructii, otel, 8 x 300 mm;scoaba 8x300;buc;5.29;4.37;;;Dedeman (dedeman.ro, magazin Bucuresti Valea Cascadelor);https://www.dedeman.ro/ro/scoabe-pentru-constructii-otel-8-x-300-mm/p/1107303;2026-10-02
Servicii santier;Inchiriere schela metalica (cantitati mici);depozituldeschele.ro;lei/mp/luna;14.00;11.57;TVA inclus, min 100 mp: 12, min 150 mp: 10 lei/mp/luna, fara montaj => 11.57 lei/mp/luna fara TVA;11.57;Depozitul de Schele (depozituldeschele.ro);https://depozituldeschele.ro/inchiriere-schela-metalica-pret/;2026-10-02
Servicii santier;Inchiriere schela metalica (minim 150 mp);depozituldeschele.ro;lei/mp/luna;10.00;8.26;TVA inclus => 8.26 lei/mp/luna fara TVA;8.26;Depozitul de Schele (depozituldeschele.ro);https://depozituldeschele.ro/inchiriere-schela-metalica-pret/;2026-10-02
Servicii santier;Inchiriere container moloz 7 mc (DCD 17 09 04) - amplasare, 7 zile, ridicare, tratare;Reciclero;buc;2760.00;2280.99;TVA presupus inclus, zi suplimentara 24.20 lei cu TVA (20 + TVA);;Reciclero (shop.reciclero.ro);https://shop.reciclero.ro/containere-constructii/container-dcd-7mc.html;2026-10-02
Servicii santier;Inchiriere container 7 mc / 10 mc (de la);Moloz24;buc;400.00;330.58;pret 'de la', orientativ, TVA neprecizat;;Moloz24 (moloz24.ro);https://www.moloz24.ro/preturi;2026-10-02
Servicii santier;Transport moloz (de la, 10 saci);Moloz24;cursa;150.00;123.97;de la 150 lei, 10 saci 150-200, 20 saci 250-350, 50 saci 450-600 lei, TVA neprecizat;;Moloz24 (moloz24.ro);https://www.moloz24.ro/preturi;2026-10-02
Servicii santier;Transport / debarasare moloz la sac (DCD);Reciclero;cursa;276.85;228.80;pret 'de la';;Reciclero (shop.reciclero.ro);https://shop.reciclero.ro/containere-constructii/container-dcd-7mc.html;2026-10-02
