Verdict,Termen,Județ,Km de la Buzău (aprox.),Valoare estimată (lei fără TVA),Obiectul achiziției,De ce,Link
🟢 OFERTĂ FĂCUTĂ,2026-10-07,Bacau,180,252389,Inlocuire acoperis cladire parc dofteana -dsbc 2026 ii,"Ofertă gata în folderul 4 (248.742 lei); depunere până la 07.10, ora 10:00",https://www.licitatiipublice.ro/licitatiipublice/module/achizitii/vizualizare_anunt.jsp?ch=d4462dcd556180f93ce403ed967da550
🟢 POTRIVITĂ,2026-10-07,Constanta,230,72770,Reparatii curente la pavilion h7 caz. 870  reparatie hidroizolatie la terasa,"Pavilion H7, cazarma 870 Mangalia (~290 km), achiziție directă, termen 07.10 ora 13:00 – lipsește caietul de sarcini (contul a blocat temporar descărcarea)",https://www.licitatiipublice.ro/licitatiipublice/module/achizitii/vizualizare_anunt.jsp?ch=e01cb391aed7be1fe876afe1e599e837
🟡 DE VERIFICAT / CONDIȚIONATĂ,2026-10-06,Braila,100,29660,Lucrari de reparatii curente,"Brăila, 29.660 lei, termen AZI – obiect neclar, de verificat urgent",https://www.licitatiipublice.ro/licitatiipublice/module/achizitii/vizualizare_anunt.jsp?ch=d693a34ba07d65d89addbbdac6bf2cff
🟡 DE VERIFICAT / CONDIȚIONATĂ,2026-10-08,Arges,240,33448,Lucrari de reparatie fatada cladire cepru pitesti,Reparație fațadă – poate include tinichigerie/jgheaburi; de verificat caietul,https://www.licitatiipublice.ro/licitatiipublice/module/achizitii/vizualizare_anunt.jsp?ch=2499be31ef40e1f171be8409f901f112
🟡 DE VERIFICAT / CONDIȚIONATĂ,2026-10-12,"Bucuresti, Buzau",0,73110,Lucrari de instalare sistem paratrasnet-h cislau,Instalare paratrăsnet (jud. Buzău) – lucrare conexă acoperișului; cere electrician autorizat ANRE – de verificat,https://www.licitatiipublice.ro/licitatiipublice/module/achizitii/vizualizare_anunt.jsp?ch=4d4f2c918d380afeb48952d3589ec90
🟡 DE VERIFICAT / CONDIȚIONATĂ,2026-10-12,Brasov,150,350399,R.c. 1164 rasnov - reparatii curente baraca metalica pavilionul h  din imobilul 1164 rasnov,Fără experiență și cifră de afaceri; cere ISO 9001 și ISO 14001 (pot veni de la asociat sau terț); SEAP; garanție 3.500 lei – vezi folderul 6,https://www.licitatiipublice.ro/licitatiipublice/module/achizitii/vizualizare_anunt.jsp?ch=e6e6251e3e1883abc5606c0bee08dd89
🟡 DE VERIFICAT / CONDIȚIONATĂ,2026-10-14,Bucuresti,115,100000,"Lucrari de renovare, igienizare spatii, zugraveli, reparatii, amenajare si modificari instalatii electrice, pr",Lucrare de construcții în zonă (poate include acoperiș) – de verificat lista de cantități și experiența cerută,https://www.licitatiipublice.ro/licitatiipublice/module/achizitii/vizualizare_anunt.jsp?ch=b443d399eca4dbb2259c7dd4f953a9fb
🟡 DE VERIFICAT / CONDIȚIONATĂ,2026-10-15,Bucuresti,115,306580,Reparatii curente la sala de consiliu din cazarma 3000 bucuresti,Lucrare de construcții în zonă (poate include acoperiș) – de verificat lista de cantități și experiența cerută,https://www.licitatiipublice.ro/licitatiipublice/module/achizitii/vizualizare_anunt.jsp?ch=62caa5038208726c3bbb80033346eb6b
🔵 DOAR SUBCONTRACTARE,2026-10-07,Prahova,110,6652588,Executie lucrari pentru devierea retelelor electrice conform studio de coexistenta aferent obiectivului de inv,Lucrare mare – subcontractare învelitoare/tinichigerie,https://www.licitatiipublice.ro/licitatiipublice/module/achizitii/vizualizare_anunt.jsp?ch=8f326a44a2c23983bb47b393ed2d33ae
🔵 DOAR SUBCONTRACTARE,2026-10-07,Bucuresti,115,900000,Contract de lucrari de reparatii hidroizolatie tarasa,"Acoperiș în zonă, valoare mare – doar ca subcontractor/asociat",https://www.licitatiipublice.ro/licitatiipublice/module/achizitii/vizualizare_anunt.jsp?ch=a5daacd01c19b4fd908e2029166e7d99
🔵 DOAR SUBCONTRACTARE,2026-10-07,Neamt,250,914900,"Executie lucrari pentru obiectivul de investitii: ""capacitati de producere energie din surse regenerabile de e",Lucrare mare – subcontractare învelitoare/tinichigerie,https://www.licitatiipublice.ro/licitatiipublice/module/achizitii/vizualizare_anunt.jsp?ch=572165fe967a1192889c1d0133820e
🔵 DOAR SUBCONTRACTARE,2026-10-07,Vaslui,250,7099985,"Executie lucrari in vederea realizarii obiectivului ""dezvoltare infrastructura educationala la nivelul comunei",Lucrare mare – subcontractare învelitoare/tinichigerie,https://www.licitatiipublice.ro/licitatiipublice/module/achizitii/vizualizare_anunt.jsp?ch=7e132a96acb8e5855e3938a0b15bb53
🔵 DOAR SUBCONTRACTARE,2026-10-08,Prahova,110,872000,"Lucrari de curatare/decolmatare parau dambu, municipiul ploiesti",Lucrare mare – subcontractare învelitoare/tinichigerie,https://www.licitatiipublice.ro/licitatiipublice/module/achizitii/vizualizare_anunt.jsp?ch=427af650496df93038cded061cd07064
🔵 DOAR SUBCONTRACTARE,2026-10-08,Dambovita,180,5572294,"Executie lucrari pentru obiectivul de investitii ""consolidare, modernizare si eficienta energetica bloc 3, com",Lucrare mare – subcontractare învelitoare/tinichigerie,https://www.licitatiipublice.ro/licitatiipublice/module/achizitii/vizualizare_anunt.jsp?ch=d56742989319d99814557242876c9d6f
🔵 DOAR SUBCONTRACTARE,2026-10-08,Teleorman,220,2567992,"Finalizare executie lucrari pentru obiectivului de investitii: reabilitarea, modernizarea, extinderea si dotar",Lucrare mare – subcontractare învelitoare/tinichigerie,https://www.licitatiipublice.ro/licitatiipublice/module/achizitii/vizualizare_anunt.jsp?ch=baf193c320085588d20d06c04f692489
🔵 DOAR SUBCONTRACTARE,2026-10-08,Arges,240,2028088,"Executie lucrari pentru obiectivul de investitii ""pod din beton armat si calibrare albie pe raul teleorman, sa",Lucrare mare – subcontractare învelitoare/tinichigerie,https://www.licitatiipublice.ro/licitatiipublice/module/achizitii/vizualizare_anunt.jsp?ch=b9407cede6a7049a485af2da44a7565e
🔵 DOAR SUBCONTRACTARE,2026-10-09,Brasov,150,2370189,Modernizare sediu primarie  lucrari suplimentare,Lucrare mare – subcontractare învelitoare/tinichigerie,https://www.licitatiipublice.ro/licitatiipublice/module/achizitii/vizualizare_anunt.jsp?ch=47b523fb38c88bdabd66ad798d44206a
🔵 DOAR SUBCONTRACTARE,2026-10-09,Bacau,180,545037,Lucrari de finisaje si instalatii interioare camere aferente blocului de locuinte situat pe strada libertatii ,Lucrare mare – subcontractare învelitoare/tinichigerie,https://www.licitatiipublice.ro/licitatiipublice/module/achizitii/vizualizare_anunt.jsp?ch=1cc97773bbbfcfbab19227514fc951e0
🔵 DOAR SUBCONTRACTARE,2026-10-09,Bacau,180,545037,Lucrari de finisaje si instalatii interioare camere aferente blocului de locuinte situat pe strada libertatii ,Lucrare mare – subcontractare învelitoare/tinichigerie,https://www.licitatiipublice.ro/licitatiipublice/module/achizitii/vizualizare_anunt.jsp?ch=6d64a994ca4f325e2b366912e1777761
🔵 DOAR SUBCONTRACTARE,2026-10-09,Bacau,180,,Lucrari/reparatii curente sectia neonatologie,Lucrare mare – subcontractare învelitoare/tinichigerie,https://www.licitatiipublice.ro/licitatiipublice/module/achizitii/vizualizare_anunt.jsp?ch=c1bb7f2c6503e1e2f450e07acd48f528
🔵 DOAR SUBCONTRACTARE,2026-10-09,Bacau,180,,Lucrari/reparatii curente sectia neurologie,Lucrare mare – subcontractare învelitoare/tinichigerie,https://www.licitatiipublice.ro/licitatiipublice/module/achizitii/vizualizare_anunt.jsp?ch=4d58cbf336460c29461845a8b6e78a98
🔵 DOAR SUBCONTRACTARE,2026-10-12,Buzau,0,1829967,"Renovare integrata gradinita localitatea izvoru dulce, comuna merei, judetul buzau",Lucrare mare – subcontractare învelitoare/tinichigerie,https://www.licitatiipublice.ro/licitatiipublice/module/achizitii/vizualizare_anunt.jsp?ch=167632afe094a2e69543d040398272aa
🔵 DOAR SUBCONTRACTARE,2026-10-12,Ialomita,90,2865705,"Executie lucrari pentru obiectivul de investitii ""cresterea eficientei energetice  centru de educatie non-form",Lucrare mare – subcontractare învelitoare/tinichigerie,https://www.licitatiipublice.ro/licitatiipublice/module/achizitii/vizualizare_anunt.jsp?ch=52bc3cc365fddae2ae1327f1718a2c73
🔵 DOAR SUBCONTRACTARE,2026-10-12,Brasov,150,45475713,"Executie lucrari pentru obiectivului de investitii- ""complex multifunctional - sala polivalenta municipiul bra",Lucrare mare – subcontractare învelitoare/tinichigerie,https://www.licitatiipublice.ro/licitatiipublice/module/achizitii/vizualizare_anunt.jsp?ch=f7b7bc94368575616a398b0ae199d85b
🔵 DOAR SUBCONTRACTARE,2026-10-12,Arges,240,505764,"Continuare proiectare si executie modernizare strada campului, orasul stefanesti, judetul arges",Lucrare mare – subcontractare învelitoare/tinichigerie,https://www.licitatiipublice.ro/licitatiipublice/module/achizitii/vizualizare_anunt.jsp?ch=72b4b12293e1cec42f6556dc357ddd5e
🔵 DOAR SUBCONTRACTARE,2026-10-12,Harghita,260,2171497,"Continuarea lucrarilor de constructii privind ""reabilitare termica a blocurilor de locuinte in vederea ridicar",Lucrare mare – subcontractare învelitoare/tinichigerie,https://www.licitatiipublice.ro/licitatiipublice/module/achizitii/vizualizare_anunt.jsp?ch=732fe5aba5824038c66591efca5f2048
🔵 DOAR SUBCONTRACTARE,2026-10-12,Harghita,260,11196871,Executie lucrari pentru investitia reabilitarea si echiparea cladirilor apartinand scolii gimnaziale nr. 1- st,Lucrare mare – subcontractare învelitoare/tinichigerie,https://www.licitatiipublice.ro/licitatiipublice/module/achizitii/vizualizare_anunt.jsp?ch=7b6cad477bad034c2865fe81812f6ba4
🔵 DOAR SUBCONTRACTARE,2026-10-13,Prahova,110,5042645,"Proiectare, executie lucrari si asistenta tehnica pentru obiectivul de investitii "" largire la 4 benzi dj 129,",Lucrare mare – subcontractare învelitoare/tinichigerie,https://www.licitatiipublice.ro/licitatiipublice/module/achizitii/vizualizare_anunt.jsp?ch=3b3dd0e745533c70f44f4237cc73eddb
🔵 DOAR SUBCONTRACTARE,2026-10-13,Dambovita,180,3358424,"Reabilitare, consolidare, recompartimentare si extindere corp scoala de 4 ani cu nr. cad. 71513-c1, aferent co",Lucrare mare – subcontractare învelitoare/tinichigerie,https://www.licitatiipublice.ro/licitatiipublice/module/achizitii/vizualizare_anunt.jsp?ch=2426209b8e07b5993cf2d37cc32a1d0
🔵 DOAR SUBCONTRACTARE,2026-10-13,Neamt,250,35245257,"Executie lucrari pentru obiectivul: ""cresterea atractivitatii orasului targu neamt si dezvoltarea turismului l",Lucrare mare – subcontractare învelitoare/tinichigerie,https://www.licitatiipublice.ro/licitatiipublice/module/achizitii/vizualizare_anunt.jsp?ch=6fcdced387afce4262855c5363380366
🔵 DOAR SUBCONTRACTARE,2026-10-13,Iasi,290,1524610,"Executie lucrari pentru investitia ""modernizarea sistemului de iluminat public stradal in comuna ruginoasa, ju",Lucrare mare – subcontractare învelitoare/tinichigerie,https://www.licitatiipublice.ro/licitatiipublice/module/achizitii/vizualizare_anunt.jsp?ch=b2fe91b4497492ca4c5de0aab95bf41
🔵 DOAR SUBCONTRACTARE,2026-10-14,Bucuresti,115,459404,Ln 2 - intretinere/reparatii tip service la cablurile de alimentare de 6 kv din statiile de apa bruta rosu (ct,Lucrare mare – subcontractare învelitoare/tinichigerie,https://www.licitatiipublice.ro/licitatiipublice/module/achizitii/vizualizare_anunt.jsp?ch=695b99a1c2cb2514c459ab446799cf74
🔵 DOAR SUBCONTRACTARE,2026-10-14,Galati,130,6706829,"""realizare lucrari de consolidare si eficientizare energetica la caminul cultural din comuna ivesti, judetul g",Lucrare mare – subcontractare învelitoare/tinichigerie,https://www.licitatiipublice.ro/licitatiipublice/module/achizitii/vizualizare_anunt.jsp?ch=ed1b042667d6c597fe47bdbe9665b0e2
🔵 DOAR SUBCONTRACTARE,2026-10-14,Calarasi,160,3357391,Achizitia lucrarilor aferente obiectivului cresterea eficientei energetice si gestionarea inteligenta a energi,Lucrare mare – subcontractare învelitoare/tinichigerie,https://www.licitatiipublice.ro/licitatiipublice/module/achizitii/vizualizare_anunt.jsp?ch=90a0f9a9313fa2a7170d0b4d2af3b6fd
🔵 DOAR SUBCONTRACTARE,2026-10-14,Dambovita,180,3959203,"Executie lucrari pentru obiectivul de investitie ""asigurare scurgere ape pluviale in comuna bilciuresti, judet",Lucrare mare – subcontractare învelitoare/tinichigerie,https://www.licitatiipublice.ro/licitatiipublice/module/achizitii/vizualizare_anunt.jsp?ch=ee39cf3a828f35a197dc15156fa17334
🔵 DOAR SUBCONTRACTARE,2026-10-14,Teleorman,220,3912037,"""construire sala de sport scolara, amenajare incinta, in comuna lisa, judetul teleorman"" cod smis 338605",Lucrare mare – subcontractare învelitoare/tinichigerie,https://www.licitatiipublice.ro/licitatiipublice/module/achizitii/vizualizare_anunt.jsp?ch=26c0dd8c786781fd17590dcf16ec45a0
🔵 DOAR SUBCONTRACTARE,2026-10-14,"Cluj, Harghita",260,891057,Transa iii - lucrari de reparatii curente pentru locatiile: um 01158 miercurea ciuc si um 02032 cluj-napoca- 2,Lucrare mare – subcontractare învelitoare/tinichigerie,https://www.licitatiipublice.ro/licitatiipublice/module/achizitii/vizualizare_anunt.jsp?ch=5ad479b7826147acf24eaef22629a224
🔵 DOAR SUBCONTRACTARE,2026-10-15,Braila,100,4407409,"Executie lucrari aferente obiectivului de investitii ""consolidarea si eficientizarea energetica a sediului pol",Lucrare mare – subcontractare învelitoare/tinichigerie,https://www.licitatiipublice.ro/licitatiipublice/module/achizitii/vizualizare_anunt.jsp?ch=c33ea453c571026697707df19f441a9
🔵 DOAR SUBCONTRACTARE,2026-10-15,Ilfov,120,979366,"Modernizare sistem rutier pe strada prelungirea fieni, comuna balotesti, judetul ilfov",Lucrare mare – subcontractare învelitoare/tinichigerie,https://www.licitatiipublice.ro/licitatiipublice/module/achizitii/vizualizare_anunt.jsp?ch=a2c4a0fbb0972181f6a5b6b48a605e69
🔵 DOAR SUBCONTRACTARE,2026-10-15,Ilfov,120,2092537,"Modernizare sistem rutier pe strada fieni, comuna balotesti, judetul ilfov",Lucrare mare – subcontractare învelitoare/tinichigerie,https://www.licitatiipublice.ro/licitatiipublice/module/achizitii/vizualizare_anunt.jsp?ch=4db2a03d2bf8ce0fadadf53e67648819
🔵 DOAR SUBCONTRACTARE,2026-10-15,Bacau,180,,Lucrari/reparatii curente farmacia 79,Lucrare mare – subcontractare învelitoare/tinichigerie,https://www.licitatiipublice.ro/licitatiipublice/module/achizitii/vizualizare_anunt.jsp?ch=e297e6112e0b3ea948899f5969711f93
🔵 DOAR SUBCONTRACTARE,2026-10-15,Teleorman,220,9175158,"Extindere cu laborator digitalizat, cu sala de sport, grupuri sanitare si vestiare si dotare  scoala gimnazial",Lucrare mare – subcontractare învelitoare/tinichigerie,https://www.licitatiipublice.ro/licitatiipublice/module/achizitii/vizualizare_anunt.jsp?ch=ab5e0775ce36d98369cbecac3fee003a
🔵 DOAR SUBCONTRACTARE,2026-10-15,Constanta,230,,"Lucrari reparatii cu andocare, inspectie reclasificare bureau veritas pentru remorcherul hercules",Lucrare mare – subcontractare învelitoare/tinichigerie,https://www.licitatiipublice.ro/licitatiipublice/module/achizitii/vizualizare_anunt.jsp?ch=bf368f183a168d098e66a98234c34f95
🔵 DOAR SUBCONTRACTARE,2026-10-15,Arges,240,1736579,"Achizitia de lucrari pentru realizarea obiectivul de investitie ""modernizare instalatie chillere"" la sediul tr",Lucrare mare – subcontractare învelitoare/tinichigerie,https://www.licitatiipublice.ro/licitatiipublice/module/achizitii/vizualizare_anunt.jsp?ch=83e951cb519ec411e0df7c6cd0848ca
🔵 DOAR SUBCONTRACTARE,2026-10-15,Neamt,250,2373825,"Executie lucrari in vederea realizarii obiectivului ""consolidare si reabilitare in vederea cresterii eficiente",Lucrare mare – subcontractare învelitoare/tinichigerie,https://www.licitatiipublice.ro/licitatiipublice/module/achizitii/vizualizare_anunt.jsp?ch=1fe63867e8078a3c5e4d991b760426e1
🔵 DOAR SUBCONTRACTARE,2026-10-15,Iasi,290,3867553,"Lucrari de reabilitare gradina botanica "" anastasie fatu"" in baza materiala a uaic sera palmariu"" inclusiv rel",Lucrare mare – subcontractare învelitoare/tinichigerie,https://www.licitatiipublice.ro/licitatiipublice/module/achizitii/vizualizare_anunt.jsp?ch=82d7506b20daf4443bcd1ea38a98414e
🔵 DOAR SUBCONTRACTARE,2026-10-16,Giurgiu,180,3089810,"Executie lucrari pentru obiectivul ""construire scoala generala in localitatea chiriacu, comuna izvoarele, jude",Lucrare mare – subcontractare învelitoare/tinichigerie,https://www.licitatiipublice.ro/licitatiipublice/module/achizitii/vizualizare_anunt.jsp?ch=44a56c3ed02f26e725d602bb9ef286d
🔵 DOAR SUBCONTRACTARE,2026-10-16,Giurgiu,180,3057117,"""executie lucrari aferente obiectivului de investitii modernizare si extindere sistem de alimentare cu apa in ",Lucrare mare – subcontractare învelitoare/tinichigerie,https://www.licitatiipublice.ro/licitatiipublice/module/achizitii/vizualizare_anunt.jsp?ch=e7dc330542884d353f4c32af40d6532a
🔵 DOAR SUBCONTRACTARE,2026-10-16,"Mures, Neamt",250,,Refunctionalizare corp de cladire c1 si amenajare exterioara - cep roman,Lucrare mare – subcontractare învelitoare/tinichigerie,https://www.licitatiipublice.ro/licitatiipublice/module/achizitii/vizualizare_anunt.jsp?ch=db002795d531d554cda0e9a685406d4e
🔵 DOAR SUBCONTRACTARE,2026-10-16,Neamt,250,18278732,Refunctionalizare corp de cladire c1 si amenajare exterioara - etapa 3 din realizarea centrului de educatie pr,Lucrare mare – subcontractare învelitoare/tinichigerie,https://www.licitatiipublice.ro/licitatiipublice/module/achizitii/vizualizare_anunt.jsp?ch=43f76aedd326fbbdee1836d56b8aa69e
🔵 DOAR SUBCONTRACTARE,2026-10-16,Vaslui,250,13336067,"Executie lucrari "" pentru obiectivul de investitii "" realizarea infrastructurii educationale pentru invatamant",Lucrare mare – subcontractare învelitoare/tinichigerie,https://www.licitatiipublice.ro/licitatiipublice/module/achizitii/vizualizare_anunt.jsp?ch=2553136d480a81a4715e4ed963299ad9
🔵 DOAR SUBCONTRACTARE,2026-10-19,Bucuresti,115,69769463,"Proiectare, executie lucrari si asistenta tehnica din partea proiectantului pentru obiectivul de investitii: """,Lucrare mare – subcontractare învelitoare/tinichigerie,https://www.licitatiipublice.ro/licitatiipublice/module/achizitii/vizualizare_anunt.jsp?ch=ac8c5dac79b1459d47bd1e8f139c0771
🔵 DOAR SUBCONTRACTARE,2026-10-19,Galati,130,4698816,Lucrari de executie a obiectului 3  retele utilitati din cadrul obiectivului de investitii 2025 - i  1566 - fa,Lucrare mare – subcontractare învelitoare/tinichigerie,https://www.licitatiipublice.ro/licitatiipublice/module/achizitii/vizualizare_anunt.jsp?ch=799bcf78df6eb4e6d2169d14144374e4
🔵 DOAR SUBCONTRACTARE,2026-10-19,Calarasi,160,6317549,"Modernizarea infrastructurii secundare de irigatiii apartinand o.u.a.i. gradistea-terasa, judetul calarasi, di","Acoperiș în zonă, valoare mare – doar ca subcontractor/asociat",https://www.licitatiipublice.ro/licitatiipublice/module/achizitii/vizualizare_anunt.jsp?ch=ff8ee54d1269e1f54ea5e999dd027726
🔵 DOAR SUBCONTRACTARE,2026-10-19,Calarasi,160,1548745,"Modernizarea si eficientizarea iluminatului public in comuna roseti, judetul calarasi",Lucrare mare – subcontractare învelitoare/tinichigerie,https://www.licitatiipublice.ro/licitatiipublice/module/achizitii/vizualizare_anunt.jsp?ch=8189d78dfbdad94cdab71aed69ff8ae3
🔵 DOAR SUBCONTRACTARE,2026-10-19,Bacau,180,4789593,Executie lucrari pentru obiectivul de investitii construire centru de zi specializat pentru copii cu tulburari,Lucrare mare – subcontractare învelitoare/tinichigerie,https://www.licitatiipublice.ro/licitatiipublice/module/achizitii/vizualizare_anunt.jsp?ch=32a6e8fa416ac9bd1cc1022b24b74d98
🔵 DOAR SUBCONTRACTARE,2026-10-19,Tulcea,200,5714634,"Executie lucrari ,,cresterea eficientei energetice si gestionarea inteligenta a energiei in cladirile publice-",Lucrare mare – subcontractare învelitoare/tinichigerie,https://www.licitatiipublice.ro/licitatiipublice/module/achizitii/vizualizare_anunt.jsp?ch=71361908862f855e27e56cd590abc1d5
🔵 DOAR SUBCONTRACTARE,2026-10-19,Constanta,230,5204363,"Executie lucrari in cadrul proiectului ""renovarea si extinderea gradinitei piticot, comuna mihail kogalniceanu",Lucrare mare – subcontractare învelitoare/tinichigerie,https://www.licitatiipublice.ro/licitatiipublice/module/achizitii/vizualizare_anunt.jsp?ch=7bec2be6ac79faa05268bdbf0e555642
🔵 DOAR SUBCONTRACTARE,2026-10-19,Vaslui,250,16123973,"Executie lucrari "" in cadrul proiectului "" eficientizare energetica/modernizare scoala gimnaziala mihail sadov",Lucrare mare – subcontractare învelitoare/tinichigerie,https://www.licitatiipublice.ro/licitatiipublice/module/achizitii/vizualizare_anunt.jsp?ch=b85a5bf20f3ce9d5c59d053ace0fa3e2
🔵 DOAR SUBCONTRACTARE,2026-10-19,Neamt,250,3269694,"Dezvoltarea infrastructurii educationale prin reabilitarea, modernizarea, extinderea si dotarea corpului c1 ex",Lucrare mare – subcontractare învelitoare/tinichigerie,https://www.licitatiipublice.ro/licitatiipublice/module/achizitii/vizualizare_anunt.jsp?ch=1d614870aefcc6a120b9411163e1720f
🔵 DOAR SUBCONTRACTARE,2026-10-19,Harghita,260,7512903,"Executie de lucrari pentru proiect ""modernizarea caminului cultural cu reabilitare energetica si structurala d",Lucrare mare – subcontractare învelitoare/tinichigerie,https://www.licitatiipublice.ro/licitatiipublice/module/achizitii/vizualizare_anunt.jsp?ch=ad39dee45344814e6de7fd50755cd175
🔵 DOAR SUBCONTRACTARE,2026-10-19,Harghita,260,3666764,Executia lucrarilor suplimentare pentru obiectivul de investitii: construire sala de sport la liceul de arta n,Lucrare mare – subcontractare învelitoare/tinichigerie,https://www.licitatiipublice.ro/licitatiipublice/module/achizitii/vizualizare_anunt.jsp?ch=b4b692e8d9c64094635c173a51051e37
🔵 DOAR SUBCONTRACTARE,2026-10-20,Prahova,110,3082477,"Reparatii capitale in municipiul ploiesti, strada pompelor",Lucrare mare – subcontractare învelitoare/tinichigerie,https://www.licitatiipublice.ro/licitatiipublice/module/achizitii/vizualizare_anunt.jsp?ch=aa6bd93c64d45a052ec0f75f62235102
🔵 DOAR SUBCONTRACTARE,2026-10-20,Prahova,110,6532616,"Eficientizare energetica colegiul national alexandru ioan cuza, cod smis 334353",Lucrare mare – subcontractare învelitoare/tinichigerie,https://www.licitatiipublice.ro/licitatiipublice/module/achizitii/vizualizare_anunt.jsp?ch=194ec212a7d1aa86db5a2daab399f00c
🔵 DOAR SUBCONTRACTARE,2026-10-20,"Bucuresti, Olt",115,5678394,Lucrari de decolmatare ale obiectelor ahe administrate si/sau in proprietatea he,Lucrare mare – subcontractare învelitoare/tinichigerie,https://www.licitatiipublice.ro/licitatiipublice/module/achizitii/vizualizare_anunt.jsp?ch=7fc2133352f23af1308accf6c7cba33e
🔵 DOAR SUBCONTRACTARE,2026-10-20,Constanta,230,11330289,"Lucrari executie - reabilitare, refunctionalizare si modernizare constructii si instalatii cladire pavilion ce",Lucrare mare – subcontractare învelitoare/tinichigerie,https://www.licitatiipublice.ro/licitatiipublice/module/achizitii/vizualizare_anunt.jsp?ch=fa5962a37914cfc02a4fb7840a9654c9
🔵 DOAR SUBCONTRACTARE,2026-10-20,Iasi,290,8724863,"Executie lucrari in vederea realizarii obiectivului ""demolare scoala profesionala lespezi corp c1, c10 si cons",Lucrare mare – subcontractare învelitoare/tinichigerie,https://www.licitatiipublice.ro/licitatiipublice/module/achizitii/vizualizare_anunt.jsp?ch=be49e7a1b9ddb9ec7ff0e6cd3ef0a9c5
🔵 DOAR SUBCONTRACTARE,2026-10-21,Galati,130,5314943,"Reabilitare si modernizare liceul de arte ""dimitrie cuclin"" galati - corp c1, smis 362913, proiectare si execu",Lucrare mare – subcontractare învelitoare/tinichigerie,https://www.licitatiipublice.ro/licitatiipublice/module/achizitii/vizualizare_anunt.jsp?ch=feae039d96a38a3a89e1800a3e866b9b
🔵 DOAR SUBCONTRACTARE,2026-10-21,Galati,130,4229300,Reabilitare conducta dn 600mm cu o conducta dn 350mm uzina apa b-dul marea unire-capitanie str. portului,Lucrare mare – subcontractare învelitoare/tinichigerie,https://www.licitatiipublice.ro/licitatiipublice/module/achizitii/vizualizare_anunt.jsp?ch=b77f5ac152150f8a35e8ed5d8e412769
🔵 DOAR SUBCONTRACTARE,2026-10-21,Dambovita,180,49913727,"Executie lucrari pentru obiectivul de investitii ""promovarea mobilitatii urbane sustenabile in municipiul more",Lucrare mare – subcontractare învelitoare/tinichigerie,https://www.licitatiipublice.ro/licitatiipublice/module/achizitii/vizualizare_anunt.jsp?ch=54828136a2222c6d6d0017b1d2171f08
🔵 DOAR SUBCONTRACTARE,2026-10-21,Neamt,250,1520310,"Executie lucrari - modernizarea sistemului de iluminat public stradal, in comuna raucesti, judetul neamt - faz",Lucrare mare – subcontractare învelitoare/tinichigerie,https://www.licitatiipublice.ro/licitatiipublice/module/achizitii/vizualizare_anunt.jsp?ch=4cfded8fa9fdde7c7af5f297a00fe66e
🔵 DOAR SUBCONTRACTARE,2026-10-22,Prahova,110,3911703,"Lucrari de executie pentru obiectivul de investitie ""demolarea si reconstructia gradinitei cu program normal n",Lucrare mare – subcontractare învelitoare/tinichigerie,https://www.licitatiipublice.ro/licitatiipublice/module/achizitii/vizualizare_anunt.jsp?ch=155ce3a8b0423e4b324f315220b6da29
🔵 DOAR SUBCONTRACTARE,2026-10-22,Ilfov,120,5960600,Servicii de inchiriere camioane cu sofer si echipamente de terasament cu operator pentru incarcare si transpor,"Acoperiș în zonă, valoare mare – doar ca subcontractor/asociat",https://www.licitatiipublice.ro/licitatiipublice/module/achizitii/vizualizare_anunt.jsp?ch=d6fa8dbb3b4f1007af8fa0fdc15400ae
🔵 DOAR SUBCONTRACTARE,2026-10-22,Galati,130,1832255,"Lucrari de executie construire centru social de tip respiro pentru persoane cu dizabilitati in comuna smulti, ",Lucrare mare – subcontractare învelitoare/tinichigerie,https://www.licitatiipublice.ro/licitatiipublice/module/achizitii/vizualizare_anunt.jsp?ch=4dd485add8901fb11fa458aed083262e
🔵 DOAR SUBCONTRACTARE,2026-10-22,Arges,240,1799081,Reabilitare corp cladire administrativa c3 piata centrala in municipiul campulung,Lucrare mare – subcontractare învelitoare/tinichigerie,https://www.licitatiipublice.ro/licitatiipublice/module/achizitii/vizualizare_anunt.jsp?ch=9ad286a94a80833a9d5173afa4a2dd66
🔵 DOAR SUBCONTRACTARE,2026-10-22,Iasi,290,37272769,"Executie lucrari pentru obiectivul ""iasul de dupa blocuri este orasul nostru"" cod smis 355970",Lucrare mare – subcontractare învelitoare/tinichigerie,https://www.licitatiipublice.ro/licitatiipublice/module/achizitii/vizualizare_anunt.jsp?ch=224ffa5612fbe522dbd4046b8ec2116b
🔵 DOAR SUBCONTRACTARE,2026-10-22,Iasi,290,13306630,"Contract de achizitie publica de executie a lucrarilor din cadrul proiectului ""cresterea eficientei energetice",Lucrare mare – subcontractare învelitoare/tinichigerie,https://www.licitatiipublice.ro/licitatiipublice/module/achizitii/vizualizare_anunt.jsp?ch=d6bf6a32ed9e2e878d7953ce9818c0c7
🔵 DOAR SUBCONTRACTARE,2026-10-23,Constanta,230,3555234,"Executie lucrari in cadrul proiectului ""construire pista pentru biciclete adiacenta dc8, comuna limanu, judetu",Lucrare mare – subcontractare învelitoare/tinichigerie,https://www.licitatiipublice.ro/licitatiipublice/module/achizitii/vizualizare_anunt.jsp?ch=cfcba68c9b9108261b5cadc034952952
🔵 DOAR SUBCONTRACTARE,2026-10-26,Brasov,150,23687201,"Lucrari de consolidare, restaurare si punere in valoare a ansamblului bisericii evanghelice fortificate drause",Lucrare mare – subcontractare învelitoare/tinichigerie,https://www.licitatiipublice.ro/licitatiipublice/module/achizitii/vizualizare_anunt.jsp?ch=e0ca85d96a6ab985edd9de92565c8995
🔵 DOAR SUBCONTRACTARE,2026-10-26,Giurgiu,180,10996168,"Executie lucrari pentru obiectivul de investitii ""dezvoltare infrastructura educationala scoala gimnaziala ""mi",Lucrare mare – subcontractare învelitoare/tinichigerie,https://www.licitatiipublice.ro/licitatiipublice/module/achizitii/vizualizare_anunt.jsp?ch=a883a32dbdef0e96e275d07f9c1eed54
🔵 DOAR SUBCONTRACTARE,2026-10-27,Iasi,290,37272769,"Executie lucrari pentru obiectivul ""iasul de dupa blocuri este orasul nostru"" cod smis 355970",Lucrare mare – subcontractare învelitoare/tinichigerie,https://www.licitatiipublice.ro/licitatiipublice/module/achizitii/vizualizare_anunt.jsp?ch=8702ea0878c9715df7f4cacba9be0bc8
🔵 DOAR SUBCONTRACTARE,2026-10-29,Bacau,180,16572457,"Lucrari de interventie-eficientizare energetica, reabilitare si modernizare cladire vivariu bacau - cod smis: ",Lucrare mare – subcontractare învelitoare/tinichigerie,https://www.licitatiipublice.ro/licitatiipublice/module/achizitii/vizualizare_anunt.jsp?ch=cfaa5ae577aab83cccae6bef60e779a9
🔵 DOAR SUBCONTRACTARE,2026-11-02,Bacau,180,55524656,"Executie lucrari, organizare de santier si echipamente/utilaje necesare in cadrul proiectului modernizare si r",Lucrare mare – subcontractare învelitoare/tinichigerie,https://www.licitatiipublice.ro/licitatiipublice/module/achizitii/vizualizare_anunt.jsp?ch=7f5ad5d230c84d689c3dc967e03e8adf
🔵 DOAR SUBCONTRACTARE,2026-11-03,Bucuresti,115,34255787,Proiectare si executie lucrari de construire cu extindere si dotare centru de oncologie si radioterapie al can,Lucrare mare – subcontractare învelitoare/tinichigerie,https://www.licitatiipublice.ro/licitatiipublice/module/achizitii/vizualizare_anunt.jsp?ch=f51a224e820b30bac1567177b462b7c9
🔵 DOAR SUBCONTRACTARE,2026-11-03,"Sibiu, Constanta",230,284057371,Modernizarea statiei de masurare gaze naturale smg negru voda  2 loturi,Lucrare mare – subcontractare învelitoare/tinichigerie,https://www.licitatiipublice.ro/licitatiipublice/module/achizitii/vizualizare_anunt.jsp?ch=25e9f4d995158f065ce18526918b7294
🔵 DOAR SUBCONTRACTARE,2026-11-04,Prahova,110,23800644,"Executie lucrari pentru realizarea obiectivului de investitii: ""construire si dotare scoala gimnaziala in cadr",Lucrare mare – subcontractare învelitoare/tinichigerie,https://www.licitatiipublice.ro/licitatiipublice/module/achizitii/vizualizare_anunt.jsp?ch=92fc7062d74725da2b8ded58f2a9e82
🔵 DOAR SUBCONTRACTARE,2026-11-04,Bucuresti,115,80367704,"Proiectare, asistenta tehnica si executie lucrari pentru realizarea obiectivului de investitie ""extinderea inf",Lucrare mare – subcontractare învelitoare/tinichigerie,https://www.licitatiipublice.ro/licitatiipublice/module/achizitii/vizualizare_anunt.jsp?ch=305811d1d0732bae469d20f730793ef1
🔵 DOAR SUBCONTRACTARE,2026-11-05,Ilfov,120,18988322,"Proiectare, executie lucrari, testare si punere in functiune a constructiei si instalatiilor fixe aferente obi",Lucrare mare – subcontractare învelitoare/tinichigerie,https://www.licitatiipublice.ro/licitatiipublice/module/achizitii/vizualizare_anunt.jsp?ch=a53dae727fec2d751126de84028dd144
🔵 DOAR SUBCONTRACTARE,2026-11-05,Galati,130,2070000,"""intretinere si reparatii spatii de joaca pentru copii, in municipiul galati""",Lucrare mare – subcontractare învelitoare/tinichigerie,https://www.licitatiipublice.ro/licitatiipublice/module/achizitii/vizualizare_anunt.jsp?ch=5efd1c708786699cda357c1b2196fa5d
🔵 DOAR SUBCONTRACTARE,2026-11-09,Bucuresti,115,2938797687,"Modernizare si reabilitare a infrastructurii stradale, a sistemului de iluminat public si a mobilierului urban",Lucrare mare – subcontractare învelitoare/tinichigerie,https://www.licitatiipublice.ro/licitatiipublice/module/achizitii/vizualizare_anunt.jsp?ch=327dd93744e49439c24ec2b5095d2081
🔵 DOAR SUBCONTRACTARE,2026-11-09,Bucuresti,115,570387,"Echipamente medicale in cadrul proiectului: ""stroke-care - extinderea si modernizarea capacitatii de tratament",Lucrare mare – subcontractare învelitoare/tinichigerie,https://www.licitatiipublice.ro/licitatiipublice/module/achizitii/vizualizare_anunt.jsp?ch=fa35f34ebc65ffd5e93566574d232f0a
🔵 DOAR SUBCONTRACTARE,2026-11-10,Arges,240,36051875,"Executia lucrarilor pentru realizarea obiectivului de investitie ""construire locuinte sociale - 100 unitati lo",Lucrare mare – subcontractare învelitoare/tinichigerie,https://www.licitatiipublice.ro/licitatiipublice/module/achizitii/vizualizare_anunt.jsp?ch=531a4a230dda951599393360f0601ed3
🔵 DOAR SUBCONTRACTARE,2026-11-16,Vaslui,250,4032000,"Proiectare si executie lucrari pentru obiectivul de investitii: ""reabilitare iluminat parcuri si gradini publi",Lucrare mare – subcontractare învelitoare/tinichigerie,https://www.licitatiipublice.ro/licitatiipublice/module/achizitii/vizualizare_anunt.jsp?ch=593d87964863c769c54723ccbe08df9a
⚪ NU,2026-10-06,Braila,100,871207,Lucrari de reparatii invelitoare tabla titan zinc la cladirea teatrului maria filotti braila,"Titan-zinc, experiență mare; termen azi",
⚪ NU,2026-10-06,Bucuresti,115,1657,Materiale pentru reparatii curente,"Nu e lucrare de acoperiș/învelitori (materiale, instalații, rețele, servicii etc.)",
⚪ NU,2026-10-06,Constanta,230,2970,Achizitie lucrari de reparatii curente birou btic,"Nu e lucrare de acoperiș/învelitori (materiale, instalații, rețele, servicii etc.)",
⚪ NU,2026-10-06,Constanta,230,155045,"Lucrari de reparatii imprejmuire din sarma ghimpata la gardul dublu la incintele tehnice nr. 1, 2 si 3 (500 ml","Nu e lucrare de acoperiș/învelitori (materiale, instalații, rețele, servicii etc.)",
⚪ NU,2026-10-06,Alba,,1886080,"Executie lucrari aferente proiectului ""investitii in infrastructura publica a ambulatoriilor implicate in impl",În afara razei de 300 km,
⚪ NU,2026-10-06,Cluj,,26450240,"Executia lucrarilor privind proiectul: "" construire centru cultural floresti, sat floresti, str. tautului f.n.",În afara razei de 300 km,
⚪ NU,2026-10-06,Suceava,,5524373,"Infiintare gradinita prin reabilitare, demolare partiala, extindere si schimbare de destinatie scoala cu clase",În afara razei de 300 km,
⚪ NU,2026-10-06,Suceava,,50000,Reparatii imprejmuire gard partea de nord,În afara razei de 300 km,
⚪ NU,2026-10-06,Cluj,,250000,Lucrari de renovare reparatii curente,În afara razei de 300 km,
⚪ NU,2026-10-06,Botosani,,800325,Achizitie lucrare amenajare exterioara,În afara razei de 300 km,
⚪ NU,2026-10-06,Botosani,,800325,Executie lucrari amenajare exterioara muzeul judetean botosani,În afara razei de 300 km,
⚪ NU,2026-10-07,Buzau,0,1652892,"Contract de lucrari : ""rezervoare produse petroliere r103, r104, r105, r106, r108 si r109 - lucrari de vopsito","Rezervoare industriale, experiență 1,65 mil. lei + INSEMEX",
⚪ NU,2026-10-07,Prahova,110,247933,Anunt depunere oferte extindere sistem bariere,"Nu e lucrare de acoperiș/învelitori (materiale, instalații, rețele, servicii etc.)",
⚪ NU,2026-10-07,"Timis, Bucuresti",115,170000,Lucrari de reparare si de intretinere de acoperisuri - srr timisoara,Lucrarea e la Timișoara (>300 km),
⚪ NU,2026-10-07,Covasna,130,90087,Reparatii capitale la izvorul de apa minerala din str.scolii,"Nu e lucrare de acoperiș/învelitori (materiale, instalații, rețele, servicii etc.)",
⚪ NU,2026-10-07,Mures,,5508369,"Executie lucrari, inclusiv utilaje si echipamente tehnologice pentru obiectivul de investitii renovare energet",În afara razei de 300 km,
⚪ NU,2026-10-07,Bihor,,41932,Lucrari de tragere fibra optica-2 loturi,În afara razei de 300 km,
⚪ NU,2026-10-07,Cluj,,,Lucrari de reparatii la instalatiile de iluminat exterior pe raza sectiei ifte 2 dej,În afara razei de 300 km,
⚪ NU,2026-10-07,Cluj,,82644,"Invitatie de participare  reabilitare instalatie electrica la sediu formatie gherla, uat gherla, jud. cluj",În afara razei de 300 km,
⚪ NU,2026-10-07,Cluj,,33057,"Invitatie de participare  reabilitare instalatie termica sediu formatie dej, din mun. dej, jud. cluj, jud. clu",În afara razei de 300 km,
⚪ NU,2026-10-08,Bucuresti,115,46000,Lucrari de demontare / montare ferestre tamplarie pvc cu geam termopan,"Nu e lucrare de acoperiș/învelitori (materiale, instalații, rețele, servicii etc.)",
⚪ NU,2026-10-08,Brasov,150,1730,Materiale instalatii sanitare pentru reparatii curente de intretinere,"Nu e lucrare de acoperiș/învelitori (materiale, instalații, rețele, servicii etc.)",
⚪ NU,2026-10-08,Arges,240,73500,Reparatie instalatie electrica alimentare bucatarie,"Nu e lucrare de acoperiș/învelitori (materiale, instalații, rețele, servicii etc.)",
⚪ NU,2026-10-08,Mehedinti,,3500851,"Eficientizare energetica primarie si camin in sat obarsia closani, comuna obarsia closani, judetul mehedinti",În afara razei de 300 km,
⚪ NU,2026-10-08,Dolj,,2002585,"Executie lucrari pentru obiectivul de investitii ""reabilitare imprejmuire, reabilitare gradene, compartimentar",În afara razei de 300 km,
⚪ NU,2026-10-08,Cluj,,,Reparatie si etalonare aparat pentru masurat inductori autostop (rezonator),În afara razei de 300 km,
⚪ NU,2026-10-09,Vrancea,90,1320,Reparatie,"Nu e lucrare de acoperiș/învelitori (materiale, instalații, rețele, servicii etc.)",
⚪ NU,2026-10-09,Bistrita-Nasaud,,286780,"Executie lucrari pentru obiectivul de investitii: construire anexa, imprejmuire, amenajari si retele exterioar",În afara razei de 300 km,
⚪ NU,2026-10-09,Dolj,,102200,Lucrari de reparatii spatii de birouri la padocurile pentru animalele de serviciu,În afara razei de 300 km,
⚪ NU,2026-10-09,Timis,,656033,Reabilitare casa de cultura din orasul faget,În afara razei de 300 km,
⚪ NU,2026-10-09,Suceava,,208074,"Reparatii cladire district paraul negru, os brodina - dssv",În afara razei de 300 km,
⚪ NU,2026-10-12,"Vrancea, Buzau",0,225881,"""supervizarea derularii contractului de lucrari pentru implementarea obiectivului de investitie: 2024-c/i-841 ","Nu e lucrare de acoperiș/învelitori (materiale, instalații, rețele, servicii etc.)",
⚪ NU,2026-10-12,"Bucuresti, Mures",115,65469,Lucrari de refacere si modernizare suparafata de lucru manej-d.a..tg mures,"Nu e lucrare de acoperiș/învelitori (materiale, instalații, rețele, servicii etc.)",
⚪ NU,2026-10-12,Calarasi,160,360937,Executie lucrari de reparatii curente la chinodromul aflat in administrarea i.p.j. calarasi,Cere experiență de 360.937 lei,
⚪ NU,2026-10-12,"Bihor, Sibiu",,181763,Lucrari: reparatii curente la imprejmuire si acoperis pavilion k - imobil 1188 oradea,În afara razei de 300 km,
⚪ NU,2026-10-12,Dolj,,149330,Reparatie partiala acoperis sediu consiliul judetean dolj,În afara razei de 300 km,
⚪ NU,2026-10-12,Caras-Severin,,3314850,"Executie lucrari la obiectivul de investitii ""construire centru de sanatate mintala si pentru prevenirea adict",În afara razei de 300 km,
⚪ NU,2026-10-12,Hunedoara,,842731,"Rest ramas de executat lucrari pentru proiectul ""reabilitarea cladirilor publice din municipiul hunedoara pent",În afara razei de 300 km,
⚪ NU,2026-10-12,Satu Mare,,2659883,"Executia de lucrari in cadrul proiectului ""demolarea cladirii scolii de invatamant primar si prescolar si cons",În afara razei de 300 km,
⚪ NU,2026-10-12,Hunedoara,,9731367,"Executia lucrarilor pentru obiectivul de investitii ""realizare noi capacitati de producere a energiei electric",În afara razei de 300 km,
⚪ NU,2026-10-12,Alba,,14755740,"Lucrari de intretinere si reparatii la caile de comunicatii apartinatoare domeniului public al comunei lupsa, ",În afara razei de 300 km,
⚪ NU,2026-10-12,Maramures,,1284715,"Reabilitare si modernizare casa p+2, schimbare destinatie in centru de zi - comunitate terapeutica pentru copi",În afara razei de 300 km,
⚪ NU,2026-10-12,Dolj,,1590328,"Contract de achizitie publica de lucrari pentru obiectivul ""reparatii curente-stazi de interes local: str.a.i.",În afara razei de 300 km,
⚪ NU,2026-10-12,Valcea,,561995129,Achizitia de executie lucrari de constructie,În afara razei de 300 km,
⚪ NU,2026-10-12,Dolj,,304345,"Achizitia de echipamente digitale hardware pentru invatamantul liceal tehnologic in cadrul proiectului: ""moder",În afara razei de 300 km,
⚪ NU,2026-10-12,Dolj,,884156,Reabilitare termica corp c1  cladire spital si laborator analize medicale  spitalul filisanilor,În afara razei de 300 km,
⚪ NU,2026-10-12,Arad,,7655788,"Refunctionalizare, modernizare/reabilitare si eficientizare energetica a infrastructurii de invatamant cladire",În afara razei de 300 km,
⚪ NU,2026-10-12,Gorj,,5606659,"Atribuire contract de lucrari pentru proiectul desfiintare c1, construire gradinita, amenajare si imprejmuire ",În afara razei de 300 km,
⚪ NU,2026-10-12,Alba,,759245,Anunt public de selectie oferte pentru lucrari in cadrul investitiei modernizare si eficientizarea sistemului ,În afara razei de 300 km,
⚪ NU,2026-10-13,Arges,240,109944,Reparatie galerie de aductiune che scropoasa documentatie de avizare a lucrarilor de interventie (dali),"Nu e lucrare de acoperiș/învelitori (materiale, instalații, rețele, servicii etc.)",
⚪ NU,2026-10-13,Timis,,26094024,Reabilitare/ consolidare constructie c1-u2 inscrisa in cf. nr. 447674-c1-u2 timisoara (amenajare si reabilitar,În afara razei de 300 km,
⚪ NU,2026-10-13,Olt,,484318,Achizitia unui buldoexcavator echipat cu o tocatoare pentru vegetatie pentru dotarea compartimentului gospodar,În afara razei de 300 km,
⚪ NU,2026-10-13,Mures,,74003,Achizitie de lucrari de reparatii/igienizari interioare si exterioare cctf sancraiu de mures,În afara razei de 300 km,
⚪ NU,2026-10-13,Caras-Severin,,13936381,"Executie lucrari pentru investitia ""construirea centrului de ingrijiri paliative in cadrul spitalului orasenes",În afara razei de 300 km,
⚪ NU,2026-10-14,Dambovita,180,379584,"Lucrari pentru obiectivul de investitii ""reabilitare monument istoric ridicat in cinstea eroilor cazuti in pri","Nu e lucrare de acoperiș/învelitori (materiale, instalații, rețele, servicii etc.)",
⚪ NU,2026-10-14,"Cluj, Bihor, Salaj, Satu Mare, Maramures, Bistrita-Nasaud, Mures",,10000000,Lucrari de intretinere si interventii accidentale la cladiri si instalatii aferente de pe raza sucursalei regi,În afara razei de 300 km,
⚪ NU,2026-10-14,Sibiu,,380555,Lucrari de reparatii curente finisaje interioare si instalatii hol etajul 1 si apartament pavilionul a din imo,În afara razei de 300 km,
⚪ NU,2026-10-14,Timis,,5380010,"Lucrari de executie pentru obiectivul de investitii: ""imbunatatirea accesului la educatia prescolara la nivelu",În afara razei de 300 km,
⚪ NU,2026-10-14,Hunedoara,,1193026,"Executie de lucrari pentru obiectivul de investitii: ""dotarea, modernizarea si digitalizarea gradinitei casuta",În afara razei de 300 km,
⚪ NU,2026-10-14,Suceava,,3531119,"Proiectare, executie lucrari, asistenta tehnica si verificare tehnica pentru obiectivul de investitii ""moderni",În afara razei de 300 km,
⚪ NU,2026-10-14,Arad,,3014970,Reabilitare centrala termica spitalul clinic judetean de urgenta arad,În afara razei de 300 km,
⚪ NU,2026-10-14,Botosani,,753558,Lucrari  proiect de investitii modernizarea si eficientizarea sistemului de iluminat public in comuna paltinis,În afara razei de 300 km,
⚪ NU,2026-10-15,Caras-Severin,,5185366,"""eficientizare energetica pentru cladiri de apartamente din municipiul caransebes  str. splaiul sebesului bl.3",În afara razei de 300 km,
⚪ NU,2026-10-15,Hunedoara,,8279900,"Executie lucrari aferente obiectivului de investitii ,,reabilitare, extindere si dotare scoala gimnaziala romo",În afara razei de 300 km,
⚪ NU,2026-10-15,Sibiu,,,Inchiriaza bun imobil cu destinatia cafe-bar si terasa,În afara razei de 300 km,
⚪ NU,2026-10-15,Mures,,2363133,Restaurare/reconstituire ornamente in cadrul lucrarilor de reparatii sediu administrativ al consiliului judete,În afara razei de 300 km,
⚪ NU,2026-10-15,Suceava,,333394,"Reparatii canton silvic cerbu, os putna - dssv",În afara razei de 300 km,
⚪ NU,2026-10-15,Hunedoara,,3514908,"Achizitia lucrarilor in cadrul proiectului""modernizare si dotare colegiul tehnic constantin brancusi - structu",În afara razei de 300 km,
⚪ NU,2026-10-15,Cluj,,1555000,"Executia lucrarilor aferente obiectivului de investitii: ,,modernizarea sistemului de iluminat public, cu efic",În afara razei de 300 km,
⚪ NU,2026-10-15,Cluj,,7704266,"Executie lucrari pentru obiectivul de investitie imobiliara ,,reabilitarea pavilionului a - camin militar de g",În afara razei de 300 km,
⚪ NU,2026-10-15,Botosani,,2057613,"""reabilitare si modernizare parc curcubeului-viitor parc al personalitatilor"" in cadrul proiectului ""craft: cr",În afara razei de 300 km,
⚪ NU,2026-10-15,Cluj,,1205280,Reabilitare fatada principala prin punerea in siguranta  imobil sr cluj,În afara razei de 300 km,
⚪ NU,2026-10-16,Olt,,1132625,"Executie lucrari in cadrul contractului: ""gradinita cu program normal balteni""",În afara razei de 300 km,
⚪ NU,2026-10-16,Arad,,896947,"Reparatii capitale pista de atletism stadion gloria""  lucrari in completare",În afara razei de 300 km,
⚪ NU,2026-10-16,Timis,,8306720,"Eficientizare energetica si dotare scoala gimnaziala, clasele i-viii, localitatea racovita, judetul timis",În afara razei de 300 km,
⚪ NU,2026-10-16,Arad,,11636773,Dezvoltarea infrastructurii educationale in comuna livada prin construirea unei scoli moderne,În afara razei de 300 km,
⚪ NU,2026-10-19,Brasov,150,416841,"Extindere red in loc. rasnov, str. campului, nr. fn, cod postal 505400, jud. brasov"" i-22-b099","Nu e lucrare de acoperiș/învelitori (materiale, instalații, rețele, servicii etc.)",
⚪ NU,2026-10-19,Suceava,,5879716,"Executie lucrari pentru realizarea obiectivului de investitie ""construire centru multifunctional sportiv si cu",În afara razei de 300 km,
⚪ NU,2026-10-19,Suceava,,6131275,"Reabilitare si eficientizare termica scoala gimnaziala ""invatator vasile hlihor"" baia, din comuna baia, judetu",În afara razei de 300 km,
⚪ NU,2026-10-19,Caras-Severin,,7680123,"""cresterea eficientei energetice a blocului 1 si blocului 2, amplasate pe str. ardealului, nr. 164 din municip",În afara razei de 300 km,
⚪ NU,2026-10-19,Gorj,,2050531,"Executie lucrari pentru ""cresterea eficientei energetice pentru scoala generala nr. 1  corp c1, din comuna bai",În afara razei de 300 km,
⚪ NU,2026-10-19,Botosani,,4807125,"Executie lucrari pentru realizarea obiectivului de investitie ""construire gradinita plopenii mari, comuna ungu",În afara razei de 300 km,
⚪ NU,2026-10-19,Mures,,2839947,"Cresterea eficientei energetice in cladirile publice (scoala primara) din comuna vanatori, judetul mures"" - sa",În afara razei de 300 km,
⚪ NU,2026-10-19,Mures,,,Inchiriaza bun imobil - corp d - videoteca si terasa aferenta,În afara razei de 300 km,
⚪ NU,2026-10-19,Suceava,,369957,Reparatii la anexa grajd cs runc - os marginea - dssv,În afara razei de 300 km,
⚪ NU,2026-10-19,Mehedinti,,8364004,"Eficientizare energetica centru de zi pentru batrani teodor costescu, comuna vanjulet, judetul mehedinti",În afara razei de 300 km,
⚪ NU,2026-10-19,Cluj,,5789844,Lucrari de reparatii la pista exterioara de atletism a stadionului cluj arena,În afara razei de 300 km,
⚪ NU,2026-10-19,Maramures,,9395404,"Proiectare si executie ""district copalnic- manastur -dn18b - sdn baia mare"".",În afara razei de 300 km,
⚪ NU,2026-10-19,Botosani,,2524760,"Achizitie executie lucrari inclusiv org. de santier la obiectivele de investitie ""sense- sensory exploration f",În afara razei de 300 km,
⚪ NU,2026-10-19,Cluj,,974896,"Executia lucrarilor aferente obiectivului de investitii ""rest de executat la capela mortuara soporu din comuna",În afara razei de 300 km,
⚪ NU,2026-10-19,Bihor,,998981,"Executie lucrari construire doua locuinte incluzive nzeb, adaptate persoanelor cu handicap conform np 051-2012",În afara razei de 300 km,
⚪ NU,2026-10-19,Timis,,4264901,"Achizitie lucrari aferente obiectivului de investitie : reabilitare, modernizare si dotare camin cultural sat ",În afara razei de 300 km,
⚪ NU,2026-10-19,Gorj,,2304339,Contract de lucrari -rest de executat,În afara razei de 300 km,
⚪ NU,2026-10-20,Valcea,,2876472,"Executie lucrari pentru obiectivul de investitii ""consolidare si modernizare scoala bungetani str. olteniei, n",În afara razei de 300 km,
⚪ NU,2026-10-20,Gorj,,5884325,Cresterea eficientei energetice si gestionarea inteligenta a energiei in cladirea scolii gimnaziale si gradini,În afara razei de 300 km,
⚪ NU,2026-10-20,Olt,,9113328,Proiectare si executie lucrari in cadrul proiectului: extinderea sistemului centralizat de colectare a apelor ,În afara razei de 300 km,
⚪ NU,2026-10-20,Bistrita-Nasaud,,6383020,Proiectare si executie lucrari pentru investitia crearea unei infrastructuri educationale-recreative (tabara s,În afara razei de 300 km,
⚪ NU,2026-10-20,Suceava,,6303252,"Contract de executie lucrari aferent obiectivului de investitii ""reabilitare, consolidare si modernizare pavil",În afara razei de 300 km,
⚪ NU,2026-10-20,Cluj,,6513692,"Proiectare si executie ,,district belis dn1r-sdn cluj"" .",În afara razei de 300 km,
⚪ NU,2026-10-21,Hunedoara,,1162799,"Proiectare si executie lucrari (elaborarea documentatiilor tehnice dtac si dtoe, elaborarea documentatiilor ne",În afara razei de 300 km,
⚪ NU,2026-10-21,Gorj,,2800334,"Proiectare si executie pentru realizarea obiectivului de investitii ""amenajare interioara si dotare casa de cu",În afara razei de 300 km,
⚪ NU,2026-10-21,Sibiu,,9218754,"""constructie sala de sport si amenajare curti si terenuri de sport la scoala gimnaziala radu selejan"" din mun.",În afara razei de 300 km,
⚪ NU,2026-10-21,Mehedinti,,927000,"Proiectare, asistenta tehnica din partea proiectantului si executie lucrari pentru alimentare cu energie elect",În afara razei de 300 km,
⚪ NU,2026-10-22,Botosani,,11375531,"Executie lucrari aferente investitiei ""cresterea mobilitatii urbane a municipiului botosani prin infiintarea u",În afara razei de 300 km,
⚪ NU,2026-10-22,Timis,,3236573,"Executie lucrari pentru implementarea proiectului cod smis: 357301 intitulat: ""reabilitare cladire  gradinita ",În afara razei de 300 km,
⚪ NU,2026-10-22,Sibiu,,12905151,"Executia lucrarilor in cadrul proiectului ""renovare energetica a pavilionului administrativ din cadrul spitalu",În afara razei de 300 km,
⚪ NU,2026-10-22,Alba,,4331577,Achizitie lucrari aferente obiectivului de investitie extindere si modernizare tribuna existenta la stadionul ,În afara razei de 300 km,
⚪ NU,2026-10-22,Dolj,,940760,"Executie de lucrari de construire parc fotovoltaic in comuna dragotesti, judetul dolj in cadrul proiectului co",În afara razei de 300 km,
⚪ NU,2026-10-23,Maramures,,7410820,"Executia lucrarilor pentru obiectivul de investitii centru de ingrijiri paliative in orasul dragomiresti""",În afara razei de 300 km,
⚪ NU,2026-10-23,Suceava,,2915750,Contract de executie lucrari pentru realizarea investitiei de baza - construire hala industriala destinata des,În afara razei de 300 km,
⚪ NU,2026-10-26,Mures,,4101655,"Executia lucrarilor cu tema ""modernizare si extindere scoala santioana de mures, comuna panet, judetul mures p",În afara razei de 300 km,
⚪ NU,2026-10-26,Timis,,2717476,"Reabilitare imobil str. teiului nr. 1 pentru implementarea proiectului de ""eficienta energetica in cladiri pub",În afara razei de 300 km,
⚪ NU,2026-10-26,Alba,,1794569,"Achizitie lucrari aferente obiectivului de investitii ""lucrari de reparatii pe strada dr. vasile suciu, munici",În afara razei de 300 km,
⚪ NU,2026-10-26,Timis,,10756270,"Executie lucrari pentru obiectivul ""reabilitare imobil str. corbului nr. 9 pentru implementarea proiectului de",În afara razei de 300 km,
⚪ NU,2026-10-27,Hunedoara,,8235928,"""cresterea eficientei energetice a cladirilor rezidentiale din municipiul lupeni, blocul a1, strada gh. sincai",În afara razei de 300 km,
⚪ NU,2026-10-28,Sibiu,,2147253,Reabilitare strada cronicar neculce (proiectare si executie),În afara razei de 300 km,
⚪ NU,2026-10-28,Timis,,119041724,"Executie lucrari privind obiectivul de investitie ""modernizare dj 595 d mosnita veche-giroc""",În afara razei de 300 km,
⚪ NU,2026-10-28,Salaj,,18964408,Contractului de lucrari pentru obiectivul de investitii: modernizare coridor de mobilitate urbana str. valea m,În afara razei de 300 km,
⚪ NU,2026-10-29,Valcea,,20766409,"Achizitia publica de lucrari (proiectare, verificare si executie) pentru realizarea obiectivului de investitii",În afara razei de 300 km,
⚪ NU,2026-11-02,Arges,240,50000,Statia arefu- reparatii instalatii aductiune apa (proiectare),"Nu e lucrare de acoperiș/învelitori (materiale, instalații, rețele, servicii etc.)",
⚪ NU,2026-11-02,Hunedoara,,5836005,"Executie lucrari pentru obiectivul ""cresterea eficientei energetice a cladirilor rezidentiale din municipiul l",În afara razei de 300 km,
⚪ NU,2026-11-02,Gorj,,21735016,Inchiriere de utilaje si echipament de constructii si de lucrari publice cu operator - 11 loturi,În afara razei de 300 km,
⚪ NU,2026-11-02,Hunedoara,,6737661,"Lucrari de modernizare si organizare de santier pentru proiectul ""dotarea, modernizarea si reabilitarea colegi",În afara razei de 300 km,
⚪ NU,2026-11-02,Hunedoara,,30713310,"Executie lucrari de reabilitare si modernizare_3 loturi:  lot 1  ""dotarea, modernizarea si reabilitarea sc. gi",În afara razei de 300 km,
⚪ NU,2026-11-04,Bihor,,27192063,"Lucrari aferente obiectivului: ,,dezvoltarea si operationalizarea centrului de sanatate mintala in cadrul noii",În afara razei de 300 km,
⚪ NU,2026-11-09,Alba,,1066990,"Executia lucrarilor pentru obiectivul de investitii ""amenajare padure urbana in municipiul sebes""- smis 359099",În afara razei de 300 km,
⚪ NU,2026-11-11,Valcea,,17209125,"Cs 02 - asistenta tehnica pentru supervizarea lucrarilor din cadrul ""proiectului regional de dezvoltare a infr",În afara razei de 300 km,
⚪ NU,2026-11-13,Dolj,,15165526,Lucrari de reparatii capitale si modernizare sediu judecatoria segarcea,În afara razei de 300 km,
